2,1.6901878073562335,91.27014159723659,2,6712.0,49.4,1,0,0,DDOS 
2,3.151191472075974,170.1643394921026,2,5790.5,55.7,1,0,0,DDOS 
2,0.007293443541716808,0.39384595125270766,2,9398.0,42.3,1,0,0,DDOS 
3,0.0,0.06759544345691404,3,4667.666666666667,43.0,1,0,0,DDOS 
5,0.0,0.1259101087267175,5,2420.6,59.5,1,0,0,DDOS 
6,0.5263683968430386,28.43400447280193,6,1686.3333333333333,55.7,1,0,0,DDOS 
6,0.715419892793241,38.63759755690784,6,1848.6666666666667,43.8,1,0,0,DDOS 
2,0.03872011098566855,2.0908859932261015,2,332.0,44.6,1,0,0,DDOS 
2,0.036986301369863014,1.997260273972603,2,364.0,41.4,1,0,0,DDOS 
2,0.032427203791051296,1.7510690047167696,2,474.0,45.9,1,0,0,DDOS 
2,0.02867695702087958,1.5485556791274973,2,606.5,45.3,1,0,0,DDOS 
2,0.02488362531353557,1.3437157669309205,2,806.0,41.4,1,0,0,DDOS 
2,0.028261661917927557,1.526129743568088,2,624.5,23.7,1,0,0,DDOS 
2,0.029907418242596358,1.6150005851002032,2,557.5,52.9,1,0,0,DDOS 
2,0.024296472299117695,1.3120095041523558,2,845.5,40.6,1,0,0,DDOS 
2,0.025359151216522564,1.3693941656922184,2,776.0,44.6,1,0,0,DDOS 
2,0.02273314161011438,1.2275896469461767,2,966.0,46.8,1,0,0,DDOS 
2,0.02449979345870407,1.3229888467700197,2,831.5,44.0,1,0,0,DDOS 
2,0.029682597318706934,1.6028602552101747,2,566.0,51.4,1,0,0,DDOS 
2,13.406785779757215,723.9664321068893,2,727.0,42.3,1,0,0,DDOS 
2,12.56026977173089,678.2545676734679,2,859.5,50.0,1,0,0,DDOS 
2,12.606879738853703,680.7715058981003,2,859.5,45.3,1,0,0,DDOS 
2,12.123480139655616,654.6679275414032,2,975.5,45.3,1,0,0,DDOS 
2,12.199900412780684,658.7946222901571,2,1083.0,60.0,1,0,0,DDOS 
2,11.685351755451201,631.0089947943646,2,1530.0,40.0,1,0,0,DDOS 
2,11.459094867123278,618.7911228246572,2,1671.0,43.1,1,0,0,DDOS 
2,11.501081379999544,621.0583945199753,2,1632.5,46.1,1,0,0,DDOS 
2,11.459415334355365,618.8084280551894,2,1542.5,45.3,1,0,0,DDOS 
2,0.03291538157373865,1.777430604981887,2,460.0,42.9,1,0,0,DDOS 
2,0.039528422348404035,2.134534806813818,2,318.5,45.9,1,0,0,DDOS 
2,0.033595635587160465,1.814164321706665,2,441.5,59.5,1,0,0,DDOS 
2,0.028239115742943546,1.5249122501189516,2,625.5,40.3,1,0,0,DDOS 
2,0.17061631008558487,9.213280744621583,2,667.5,54.8,1,0,0,DDOS 
2,1.1800098731935535,63.7205331524519,2,825.0,43.4,1,0,0,DDOS 
2,1.681150166385755,90.78210898483078,2,880.5,45.2,1,0,0,DDOS 
2,1.8797424882380878,101.50609436485676,2,1011.0,54.8,1,0,0,DDOS 
2,2.680140472111032,144.72758549399572,2,1109.0,42.6,1,0,0,DDOS 
2,4.43382327273515,239.4264567276982,2,1287.0,43.8,1,0,0,DDOS 
2,4.572650550725942,246.92312973920085,2,1348.0,44.0,1,0,0,DDOS 
2,4.660314784539824,251.65699836515046,2,1398.0,31.6,1,0,0,DDOS 
2,4.917711483474865,265.55642010764274,2,1601.5,44.6,1,0,0,DDOS 
2,5.227877354117669,282.3053771223541,2,1471.0,47.2,1,0,0,DDOS 
2,12.067212666054152,651.6294839669242,2,1295.0,47.3,1,0,0,DDOS 
2,12.117592979239168,654.3500208789151,2,1366.5,43.1,1,0,0,DDOS 
2,12.702384832374598,685.9287809482283,2,1270.0,44.4,1,0,0,DDOS 
2,12.725452513759087,687.1744357429907,2,1381.5,31.3,1,0,0,DDOS 
2,12.872057097684447,695.09108327496,2,1292.5,36.1,1,0,0,DDOS 
2,13.06728722614085,705.633510211606,2,1277.5,44.6,1,0,0,DDOS 
2,13.444793683192882,726.0188588924156,2,1232.5,77.6,1,0,0,DDOS 
2,8.87775647260732,479.39884952079535,2,4726.0,69.6,1,0,0,DDOS 
2,4.414028442283808,238.35753588332568,2,13755.0,42.5,1,0,0,DDOS 
2,0.007594084979933737,0.4100805889164218,2,8668.5,41.8,1,0,0,DDOS 
2,0.0,0.0,2,8761.5,33.3,1,0,0,DDOS 
2,0.0,0.0,2,8252.5,35.8,1,0,0,DDOS 
2,0.0,0.0,2,7967.0,35.0,1,0,0,DDOS 
2,0.008494119835181934,0.4586824710998244,2,6928.5,34.6,1,0,0,DDOS 
2,0.008403954802253966,0.45381355932171413,2,7078.0,34.2,1,0,0,DDOS 
2,0.0,0.0,2,7854.0,65.8,1,0,0,DDOS 
6,0.8298652056190016,44.816001908548124,6,2507.1666666666665,46.1,1,0,0,DDOS 
2,0.015315892933240347,0.8270582183949786,2,2130.0,45.3,1,0,0,DDOS 
2,0.014544781088518324,0.7854181787799894,2,2362.0,46.8,1,0,0,DDOS 
2,0.016554385029478345,0.8939367915918306,2,1823.0,36.5,1,0,0,DDOS 
2,0.016645871675273614,0.898877070464775,2,1803.0,45.2,1,0,0,DDOS 
2,0.020117017406971405,1.086318939976456,2,1234.0,24.7,1,0,0,DDOS 
2,0.0,0.0,2,1482.5,41.0,1,0,0,DDOS 
2,0.0,0.0,2,6622.5,41.6,1,0,0,DDOS 
2,0.0,0.0,2,11314.0,43.0,1,0,0,DDOS 
2,0.0,0.0,2,8691.0,94.9,1,0,0,DDOS 
2,0.0,0.0,2,6009.0,65.8,1,0,0,DDOS 
2,0.009401802085371754,0.5076973126100747,2,5655.0,48.2,1,0,0,DDOS 
2,0.0,0.0,2,5327.5,44.3,1,0,0,DDOS 
2,0.0,0.0,2,5897.5,43.0,1,0,0,DDOS 
2,0.0,0.0,2,5673.0,49.4,1,0,0,DDOS 
2,0.009315332766254425,0.503027969377739,2,5760.5,97.4,1,0,0,DDOS 
2,0.0,0.0,2,5456.0,50.6,1,0,0,DDOS 
2,0.0,0.0,2,5656.5,47.5,1,0,0,DDOS 
2,0.0,0.0,2,5450.5,44.3,1,0,0,DDOS 
2,0.0,0.0,2,5037.5,66.7,1,0,0,DDOS 
2,0.0,0.0,2,5610.0,47.5,1,0,0,DDOS 
2,0.0,0.0,2,6101.5,41.6,1,0,0,DDOS 
2,0.0,0.0,2,6133.5,41.0,1,0,0,DDOS 
2,0.0,0.0,2,6152.0,40.3,1,0,0,DDOS 
2,0.0,0.0,2,5935.5,43.7,1,0,0,DDOS 
2,0.0,0.0,2,6021.5,41.0,1,0,0,DDOS 
2,0.0,0.0,2,6070.0,46.8,1,0,0,DDOS 
2,0.0,0.0,2,6016.5,44.7,1,0,0,DDOS 
2,0.0,0.0,2,6203.0,43.6,1,0,0,DDOS 
2,0.0,0.0,2,6266.0,41.6,1,0,0,DDOS 
2,0.008966897005202088,0.4842124382809127,2,6217.0,44.3,1,0,0,DDOS 
2,0.0,0.0,2,6315.0,46.3,1,0,0,DDOS 
2,0.009011569240107332,0.48662473896579594,2,6155.5,43.6,1,0,0,DDOS 
2,0.0,0.0,2,6190.5,47.6,1,0,0,DDOS 
2,0.0,0.0,2,6225.5,46.2,1,0,0,DDOS 
2,0.0,0.0,2,6269.5,45.6,1,0,0,DDOS 
2,0.0,0.0,2,6204.5,45.7,1,0,0,DDOS 
2,0.0,0.0,2,6065.5,45.6,1,0,0,DDOS 
2,0.0,0.0,2,6143.5,40.8,1,0,0,DDOS 
2,0.0,0.0,2,6127.0,43.6,1,0,0,DDOS 
2,0.0,0.0,2,6102.5,43.0,1,0,0,DDOS 
2,0.0,0.0,2,5961.5,43.7,1,0,0,DDOS 
2,0.0,0.0,2,5306.5,45.6,1,0,0,DDOS 
2,0.0,0.0,2,5789.0,42.1,1,0,0,DDOS 
2,0.0,0.0,2,6073.5,71.6,1,0,0,DDOS 
6,0.0,0.2593767224900951,6,1582.8333333333333,50.0,1,0,0,DDOS 
6,0.45341233650319684,24.558776653588886,6,525.5,64.8,1,0,0,DDOS 
6,1.4880233207091187,80.37636612167485,6,858.0,44.6,1,0,0,DDOS 
4,1.9711113543694665,106.44261374154341,4,1353.75,43.1,1,0,0,DDOS 
2,1.9860842082593568,107.24854724600529,2,2549.5,58.6,1,0,0,DDOS 
2,0.036935808291245285,1.9945336477272455,2,365.0,39.7,1,0,0,DDOS 
2,0.032207813954871906,1.739221953563083,2,480.5,42.0,1,0,0,DDOS 
2,0.029961063792512246,1.6178974447956616,2,555.5,45.8,1,0,0,DDOS 
2,0.032478472015268635,1.7538374888245063,2,472.5,46.8,1,0,0,DDOS 
2,0.02948838006283275,1.5923725233929684,2,573.5,44.2,1,0,0,DDOS 
2,0.027713691586963792,1.4965393456960447,2,649.5,42.9,1,0,0,DDOS 
2,0.02911111501565821,1.5720002108455433,2,588.5,44.6,1,0,0,DDOS 
2,0.0328089166974964,1.7716815016648055,2,463.0,43.1,1,0,0,DDOS 
2,0.029907418242596358,1.6150005851002032,2,557.5,43.2,1,0,0,DDOS 
2,0.029695681979277532,1.6035668268809866,2,565.5,47.9,1,0,0,DDOS 
2,0.029411753682187063,1.5882346988381015,2,576.5,44.6,1,0,0,DDOS 
2,0.029591486443705753,1.5979402679601107,2,569.5,36.1,1,0,0,DDOS 
2,0.028964212108581595,1.564067453863406,2,594.5,45.3,1,0,0,DDOS 
2,0.028831486607593104,1.5569002768100275,2,600.0,44.4,1,0,0,DDOS 
2,0.030330882305710138,1.6378676445083473,2,542.0,41.4,1,0,0,DDOS 
2,0.030499700845734078,1.6469838456696404,2,536.0,44.6,1,0,0,DDOS 
2,0.033095149721023176,1.7871380849352516,2,455.0,44.4,1,0,0,DDOS 
2,0.033095149721023176,1.7871380849352516,2,455.0,44.6,1,0,0,DDOS 
2,0.030499700845734078,1.6469838456696404,2,536.0,43.8,1,0,0,DDOS 
2,0.03197645721967924,1.726728689862679,2,487.5,44.4,1,0,0,DDOS 
2,0.03184647135301141,1.7197094530626162,2,491.5,47.2,1,0,0,DDOS 
2,0.03483662499837534,1.8811777499122682,2,410.5,44.6,1,0,0,DDOS 
2,0.03483662499837534,1.8811777499122682,2,410.5,43.2,1,0,0,DDOS 
2,0.033040910290340925,1.78420915567841,2,456.5,44.0,1,0,0,DDOS 
2,0.033501239361518144,1.8090669255219798,2,444.0,44.6,1,0,0,DDOS 
2,0.0317660306939725,1.715365657474515,2,494.0,43.2,1,0,0,DDOS 
2,0.0317660306939725,1.715365657474515,2,494.0,44.4,1,0,0,DDOS 
2,0.030934397053553914,1.6704574408919113,2,521.0,44.0,1,0,0,DDOS 
2,0.030904837237561402,1.6688612108283158,2,522.0,43.7,1,0,0,DDOS 
2,0.03249561553686976,1.754763238990967,2,472.0,44.7,1,0,0,DDOS 
2,0.027256955806428784,1.4718756135471545,2,671.5,44.6,1,0,0,DDOS 
2,0.03215781483852809,1.736522001280517,2,482.0,44.6,1,0,0,DDOS 
2,0.033351846618868454,1.8009997174188968,2,448.0,47.9,1,0,0,DDOS 
2,0.03337041147624474,1.802002219717216,2,447.5,38.6,1,0,0,DDOS 
2,0.03742402262027022,2.0208972214945917,2,355.5,46.1,1,0,0,DDOS 
2,0.0,0.0,2,496.5,43.1,1,0,0,DDOS 
2,0.035399588405686036,1.9115777739070459,2,397.5,45.2,1,0,0,DDOS 
2,0.03504995534753999,1.8926975887671598,2,405.5,48.0,1,0,0,DDOS 
2,0.03369083427357635,1.819305050773123,2,439.0,42.3,1,0,0,DDOS 
2,0.035421789396662524,1.9127766274197762,2,397.0,43.8,1,0,0,DDOS 
2,0.035421789396662524,1.9127766274197762,2,397.0,43.8,1,0,0,DDOS 
2,0.03434011705371662,1.8543663209006973,2,422.5,43.7,1,0,0,DDOS 
2,0.03575989767930587,1.931034474682517,2,389.5,47.3,1,0,0,DDOS 
2,0.0,0.0,2,711.0,43.1,1,0,0,DDOS 
2,0.027472104953887026,1.4834936675098993,2,661.0,46.8,1,0,0,DDOS 
2,0.026640624053282744,1.4385936988772683,2,703.0,44.4,1,0,0,DDOS 
2,0.02588034125510432,1.397538427775633,2,745.0,41.4,1,0,0,DDOS 
2,0.03531120005925331,1.9068048031996787,2,399.5,43.8,1,0,0,DDOS 
2,0.03140369934962856,1.6957997648799423,2,505.5,39.2,1,0,0,DDOS 
2,0.03140369934962856,1.6957997648799423,2,505.5,47.1,1,0,0,DDOS 
2,1.2194216912870017,65.8487713294981,2,638.5,39.4,1,0,0,DDOS 
2,2.1364210656348988,115.36673754428452,2,734.0,43.1,1,0,0,DDOS 
2,33.49308809464088,1808.6267571106077,2,883.5,47.9,1,0,0,DDOS 
2,31.5407823930956,1703.2022492271624,2,1007.5,43.1,1,0,0,DDOS 
2,30.281185640620013,1635.184024593481,2,1107.0,42.3,1,0,0,DDOS 
2,28.844056471364425,1557.5790494536786,2,1239.5,52.1,1,0,0,DDOS 
2,26.819361742163377,1448.245534076822,2,1503.0,62.7,1,0,0,DDOS 
2,27.135576021781848,1465.3211051762194,2,1469.5,44.6,1,0,0,DDOS 
2,27.053289821580865,1460.8776503653671,2,1469.5,41.4,1,0,0,DDOS 
2,0.03462714310169497,1.8698657274915287,2,415.5,51.3,1,0,0,DDOS 
2,0.03688552144599696,1.9918181580838359,2,366.0,43.8,1,0,0,DDOS 
2,0.029348352638877934,1.5848110424994084,2,579.0,44.6,1,0,0,DDOS 
2,0.03120430914928289,1.6850326940612759,2,512.0,45.9,1,0,0,DDOS 
2,0.027703054987513725,1.4959649693257409,2,650.0,41.2,1,0,0,DDOS 
2,1.0212521925842233,55.14761839954805,2,750.0,45.5,1,0,0,DDOS 
2,1.2008866094299118,64.84787690921524,2,750.0,42.6,1,0,0,DDOS 
2,2.0858631857090066,112.63661202828634,2,857.5,73.9,1,0,0,DDOS 
2,3.1249531567374675,168.74747046382325,2,957.5,76.3,1,0,0,DDOS 
2,4.1828805124662845,225.87554767317937,2,1057.5,88.9,1,0,0,DDOS 
2,4.437282903869777,239.61327680896795,2,1057.5,60.5,1,0,0,DDOS 
2,5.313297509129301,286.91806549298224,2,1165.0,52.8,1,0,0,DDOS 
2,6.505372448938762,351.2901122426931,2,939.0,33.3,1,0,0,DDOS 
2,7.208515327490384,389.2598276844808,2,964.0,42.7,1,0,0,DDOS 
2,7.380735099619458,398.5596953794507,2,964.0,42.2,1,0,0,DDOS 
2,8.057356449787001,435.09724828849806,2,985.5,52.1,1,0,0,DDOS 
2,8.085929954712624,436.64021755448164,2,1215.5,44.4,1,0,0,DDOS 
2,7.3754346340052495,398.27347023628346,2,1174.5,41.6,1,0,0,DDOS 
2,7.264673746287578,392.2923822995292,2,1249.0,48.0,1,0,0,DDOS 
2,6.439678059128554,347.74261519294197,2,1232.0,64.4,1,0,0,DDOS 
2,7.0810151664823495,382.3748189900469,2,1323.5,35.6,1,0,0,DDOS 
2,8.6043908942775,464.63710829098505,2,1323.5,32.5,1,0,0,DDOS 
2,8.592934044971498,464.0184384284609,2,1253.5,48.7,1,0,0,DDOS 
2,8.877982530272357,479.4110566347072,2,1303.0,58.4,1,0,0,DDOS 
2,10.189222140920583,550.2179956097115,2,1386.5,42.5,1,0,0,DDOS 
2,9.818369924928309,530.1919759461288,2,1243.5,42.9,1,0,0,DDOS 
2,9.703203499861385,523.9729889925148,2,1199.0,42.9,1,0,0,DDOS 
2,8.074507496764225,436.02340482526813,2,641.0,44.0,1,0,0,DDOS 
2,0.03857579465140025,2.083092911175614,2,334.5,41.7,1,0,0,DDOS 
2,0.03639369425467438,1.965259489752417,2,376.0,43.8,1,0,0,DDOS 
2,0.03249561553686976,1.754763238990967,2,472.0,50.0,1,0,0,DDOS 
2,0.030642557118235162,1.6546980843846988,2,531.0,41.4,1,0,0,DDOS 
2,0.030642557118235162,1.6546980843846988,2,531.0,39.5,1,0,0,DDOS 
2,0.0317500155853729,1.7145008416101368,2,494.5,42.3,1,0,0,DDOS 
2,0.03287977820554829,1.7755080230996079,2,461.0,44.7,1,0,0,DDOS 
2,29.486026349617763,1592.2454228793592,2,457.0,45.1,1,0,0,DDOS 
2,29.486026349617763,1592.2454228793592,2,457.0,39.2,1,0,0,DDOS 
2,26.821830941751436,1448.3788708545776,2,557.0,50.7,1,0,0,DDOS 
2,24.66674795444957,1332.0043895402769,2,665.0,45.9,1,0,0,DDOS 
2,22.875833456707095,1235.295006662183,2,784.0,46.8,1,0,0,DDOS 
2,22.920369102833707,1237.6999315530206,2,784.0,36.3,1,0,0,DDOS 
2,21.657787035691342,1169.5204999273324,2,900.5,41.7,1,0,0,DDOS 
2,20.387333211403572,1100.9159934157929,2,1066.5,34.2,1,0,0,DDOS 
2,19.833383734407935,1071.0027216580283,2,1166.0,46.1,1,0,0,DDOS 
2,20.441969988892964,1103.86637940022,2,1136.0,46.7,1,0,0,DDOS 
2,21.847714195696607,1179.7765665676168,2,979.0,44.6,1,0,0,DDOS 
2,21.090434469628036,1138.883461359914,2,1095.5,44.4,1,0,0,DDOS 
2,8.264775926069296,446.2979000077419,2,1024.5,56.9,1,0,0,DDOS 
2,8.2466719661304,445.32028617104163,2,1033.0,53.4,1,0,0,DDOS 
2,7.530279938019308,406.6351166530426,2,925.0,44.6,1,0,0,DDOS 
2,7.174006509469978,387.3963515113788,2,939.0,50.7,1,0,0,DDOS 
2,7.259216483945633,391.9976901330642,2,1029.0,46.6,1,0,0,DDOS 
2,0.034565031762679166,1.8665117151846748,2,417.0,43.1,1,0,0,DDOS 
2,0.027597358216816574,1.490257343708095,2,655.0,46.8,1,0,0,DDOS 
2,0.02678357229889107,1.4463129041401177,2,695.5,45.9,1,0,0,DDOS 
2,0.028700569143494163,1.5498307337486847,2,605.5,40.8,1,0,0,DDOS 
2,0.026688018855094874,1.4411530181751233,2,700.5,45.3,1,0,0,DDOS 
2,0.025976210751750634,1.4027153805945343,2,739.5,45.9,1,0,0,DDOS 
2,0.029682597318706937,1.6028602552101747,2,566.0,46.6,1,0,0,DDOS 
2,0.026453538890089782,1.4284911000648481,2,713.0,44.4,1,0,0,DDOS 
2,0.026899602637229125,1.4525785424103728,2,689.5,42.0,1,0,0,DDOS 
2,0.03054234777552965,1.649286779878601,2,534.5,44.6,1,0,0,DDOS 
2,0.025768397913176498,1.3914934873115312,2,751.5,43.7,1,0,0,DDOS 
2,0.031686196523486324,1.7110546122682615,2,496.5,47.9,1,0,0,DDOS 
2,0.03200920314733792,1.7284969699562474,2,486.5,43.6,1,0,0,DDOS 
2,0.030642557118235162,1.6546980843846988,2,531.0,35.2,1,0,0,DDOS 
2,0.032207813954871906,1.739221953563083,2,480.5,89.0,1,0,0,DDOS 
2,0.03869111814262051,2.0893203797015074,2,332.5,44.6,1,0,0,DDOS 
2,0.04134485091660834,2.2326219494968504,2,291.0,46.8,1,0,0,DDOS 
2,0.04134485091660834,2.2326219494968504,2,291.0,47.9,1,0,0,DDOS 
2,0.048970069200633085,2.6443837368341865,2,207.0,42.5,1,0,0,DDOS 
2,0.04082477215571781,2.204537696408762,2,298.5,42.1,1,0,0,DDOS 
2,0.03742402262027022,2.0208972214945917,2,355.5,47.4,1,0,0,DDOS 
2,0.029987995047628592,1.6193517325719438,2,554.5,42.3,1,0,0,DDOS 
2,0.0,0.0,2,571.5,43.1,1,0,0,DDOS 
2,0.02662173670797654,1.437573782230733,2,704.0,43.1,1,0,0,DDOS 
2,0.025624178712220762,1.383705650459921,2,760.0,41.1,1,0,0,DDOS 
2,0.025751304461754818,1.3905704409347601,2,752.5,45.2,1,0,0,DDOS 
2,0.03199281761474589,1.7276121511962783,2,487.0,42.3,1,0,0,DDOS 
2,0.028736096943328446,1.5517492349397362,2,604.0,43.8,1,0,0,DDOS 
2,0.03165443096902608,1.7093392723274081,2,497.5,44.6,1,0,0,DDOS 
2,0.033463703041702465,1.807039964251933,2,445.0,42.9,1,0,0,DDOS 
2,1.4880734346032987,80.35596546857813,2,628.5,44.1,1,0,0,DDOS 
2,1.5711221231185697,84.84059464840277,2,653.0,41.4,1,0,0,DDOS 
2,2.2567564801944453,121.86484993050004,2,761.0,61.8,1,0,0,DDOS 
2,3.940630442476798,212.79404389374707,2,1089.5,46.5,1,0,0,DDOS 
2,4.3442248572855116,234.5881422934176,2,1181.0,48.7,1,0,0,DDOS 
2,5.001673288736066,270.0903575917476,2,1279.0,42.6,1,0,0,DDOS 
2,5.001673288736066,270.0903575917476,2,1279.0,40.6,1,0,0,DDOS 
2,5.470250572769855,295.39353092957214,2,1395.0,43.1,1,0,0,DDOS 
2,5.492354034957071,296.5871178876818,2,1325.5,38.9,1,0,0,DDOS 
2,0.036226146523233166,1.9562119122545911,2,379.5,48.1,1,0,0,DDOS 
2,0.036226146523233166,1.9562119122545911,2,379.5,45.2,1,0,0,DDOS 
2,0.031143718315233864,1.6817607890226287,2,514.0,46.6,1,0,0,DDOS 
2,0.0305994896294555,1.652372439990597,2,532.5,45.2,1,0,0,DDOS 
2,0.03186263294022537,1.7205821787721702,2,491.0,41.4,1,0,0,DDOS 
2,0.028284262181994705,1.5273501578277142,2,623.5,42.9,1,0,0,DDOS 
2,0.03656358844376884,1.9744337759635175,2,372.5,45.9,1,0,0,DDOS 
2,0.033389007369758014,1.8030063979669328,2,447.0,41.3,1,0,0,DDOS 
2,0.03279127279166376,1.770728730749843,2,463.5,41.7,1,0,0,DDOS 
2,0.030261363921575028,1.6341136517650516,2,544.5,44.4,1,0,0,DDOS 
2,0.08543345616634009,4.613406632982365,2,611.0,42.3,1,0,0,DDOS 
2,1.1014723156286599,59.479505043947626,2,727.5,80.6,1,0,0,DDOS 
2,2.237552583241295,120.82783949502992,2,860.5,45.8,1,0,0,DDOS 
2,3.123687216422997,168.67910968684185,2,947.5,43.2,1,0,0,DDOS 
2,11.835343745310395,639.1085622467614,2,1055.5,48.0,1,0,0,DDOS 
2,11.834292127725318,639.0517748971673,2,1096.0,38.0,1,0,0,DDOS 
2,11.813044054859338,637.9043789624043,2,1145.5,46.7,1,0,0,DDOS 
2,11.952510636654326,645.4355743793335,2,1236.5,42.1,1,0,0,DDOS 
2,12.964190330042992,700.0662778223216,2,1124.0,52.0,1,0,0,DDOS 
2,13.68761612431743,739.1312707131411,2,1082.5,40.5,1,0,0,DDOS 
2,14.29281473828169,771.8119958672112,2,1035.0,45.1,1,0,0,DDOS 
2,14.409039400712023,778.0881276384492,2,992.5,46.6,1,0,0,DDOS 
2,14.642054727199845,790.6709552687915,2,992.0,41.1,1,0,0,DDOS 
2,14.719281475691243,794.8411996873272,2,859.0,43.1,1,0,0,DDOS 
2,14.742736783155703,796.1077862904082,2,904.5,33.3,1,0,0,DDOS 
2,8.29532364040544,447.94747658189385,2,935.5,46.6,1,0,0,DDOS 
2,8.512536354074895,459.6769631200444,2,1002.0,42.5,1,0,0,DDOS 
2,7.680287328828126,414.7355157567188,2,1003.0,57.7,1,0,0,DDOS 
2,6.631128315313237,358.0809290269149,2,1135.5,43.7,1,0,0,DDOS 
2,0.029123458061813996,1.5726667353379558,2,588.0,43.7,1,0,0,DDOS 
2,0.02678357229889107,1.4463129041401177,2,695.5,35.6,1,0,0,DDOS 
2,0.027972703366471032,1.5105259817894354,2,637.5,45.9,1,0,0,DDOS 
2,0.028927832561424695,1.5621029583169335,2,596.0,39.7,1,0,0,DDOS 
2,0.03279127279166376,1.770728730749843,2,463.5,42.9,1,0,0,DDOS 
2,0.03479442447129048,1.8788989214496858,2,411.5,41.3,1,0,0,DDOS 
2,1.3358133056939545,72.13391850747354,2,536.5,58.0,1,0,0,DDOS 
2,1.50471645506881,81.25468857371573,2,569.5,45.8,1,0,0,DDOS 
2,2.829082236905329,152.77044079288777,2,799.5,44.0,1,0,0,DDOS 
2,3.5056346865197296,189.3042730720654,2,889.5,44.6,1,0,0,DDOS 
2,4.533764497275971,244.82328285290242,2,1006.0,44.4,1,0,0,DDOS 
2,5.702189661752793,307.9182417346508,2,1128.5,36.3,1,0,0,DDOS 
2,7.045399062517191,380.4515493759283,2,1354.5,44.4,1,0,0,DDOS 
2,7.226119172337812,390.2104353062419,2,1404.0,43.8,1,0,0,DDOS 
2,7.408667280269417,400.06803313454856,2,1454.0,45.7,1,0,0,DDOS 
2,6.968188759954621,376.2821930375495,2,1313.0,47.3,1,0,0,DDOS 
2,0.03380614806108503,1.8255319952985916,2,436.0,60.6,1,0,0,DDOS 
2,0.0323592223069877,1.7473980045773356,2,476.0,40.8,1,0,0,DDOS 
2,0.030471368607351303,1.6454539047969705,2,537.0,44.4,1,0,0,DDOS 
2,0.02865340307997156,1.5472837663184642,2,607.5,44.6,1,0,0,DDOS 
2,0.03212461116831862,1.7347290030892055,2,483.0,41.4,1,0,0,DDOS 
2,0.03054234777552965,1.649286779878601,2,534.5,46.7,1,0,0,DDOS 
2,0.03189503006795484,1.7223316236695612,2,490.0,40.3,1,0,0,DDOS 
2,0.0325990498852012,1.7603486938008646,2,469.0,42.0,1,0,0,DDOS 
2,0.0325990498852012,1.7603486938008646,2,469.0,47.9,1,0,0,DDOS 
2,0.03448273418561962,1.8620676460234593,2,419.0,45.9,1,0,0,DDOS 
2,0.03411953652285419,1.8424549722341264,2,428.0,38.9,1,0,0,DDOS 
2,0.033501239361518144,1.8090669255219798,2,444.0,38.6,1,0,0,DDOS 
2,0.033501239361518144,1.8090669255219798,2,444.0,41.4,1,0,0,DDOS 
2,0.03167030179836848,1.710196297111898,2,497.0,41.3,1,0,0,DDOS 
2,0.03145025777082889,1.6983139196247603,2,504.0,43.8,1,0,0,DDOS 
2,0.0,0.0,2,517.0,46.6,1,0,0,DDOS 
2,0.0,0.0,2,389.0,54.9,1,0,0,DDOS 
2,0.02924775830914165,1.579378948693649,2,583.0,47.4,1,0,0,DDOS 
2,1.1450685317590028,61.83370071498616,2,708.0,44.7,1,0,0,DDOS 
2,2.131035334598086,115.07590806829666,2,814.5,44.2,1,0,0,DDOS 
/2,2.131035334598086,115.07590806829666,2,814.5,55.1,1,0,0,DDOS 
2,3.6097387442159548,194.92589218766153,2,889.5,43.8,1,0,0,DDOS 
2,4.700037788288155,253.8020405675604,2,996.5,61.1,1,0,0,DDOS 
2,5.4108542205657875,292.18612791055256,2,1129.5,34.7,1,0,0,DDOS 
2,6.805702744469161,367.5079482013347,2,1351.0,53.6,1,0,0,DDOS 
2,8.6774018254612,468.5796985749047,2,1343.5,50.0,1,0,0,DDOS 
2,8.74448235149095,472.2020469805113,2,1235.5,78.4,1,0,0,DDOS 
2,7.865035208811777,424.711901275836,2,1082.0,58.2,1,0,0,DDOS 
2,7.166846789875241,387.0097266532631,2,1057.0,43.7,1,0,0,DDOS 
2,7.156559299667835,386.45420218206306,2,1140.0,41.1,1,0,0,DDOS 
2,0.037932122712069694,2.0483346264517635,2,346.0,44.6,1,0,0,DDOS 
2,0.037932122712069694,2.0483346264517635,2,346.0,43.1,1,0,0,DDOS 
2,0.03546631697815799,1.915181116820532,2,396.0,42.5,1,0,0,DDOS 
2,0.033022889655576794,1.783236041401147,2,457.0,45.1,1,0,0,DDOS 
2,0.028891589750694373,1.5601458465374962,2,597.5,43.8,1,0,0,DDOS 
2,0.0,0.0,2,508.5,42.3,1,0,0,DDOS 
2,0.032427203791051296,1.7510690047167696,2,474.0,47.9,1,0,0,DDOS 
2,0.0331132889769448,1.7881176047550191,2,454.5,45.7,1,0,0,DDOS 
2,0.032224532224532226,1.74012474012474,2,480.0,40.6,1,0,0,DDOS 
2,0.030934397053553914,1.6704574408919113,2,521.0,44.6,1,0,0,DDOS 
2,1.1041595931149408,59.624618028206804,2,621.0,34.2,1,0,0,DDOS 
2,1.2686240178984975,68.50569696651885,2,679.0,44.6,1,0,0,DDOS 
2,2.0634743459325686,111.42761468035869,2,766.0,40.0,1,0,0,DDOS 
2,3.2325856368805557,174.55962439155002,2,881.5,43.8,1,0,0,DDOS 
2,4.338755112629425,234.29277608198893,2,970.5,42.5,1,0,0,DDOS 
2,5.21275520319596,281.4887809725819,2,1193.5,39.5,1,0,0,DDOS 
2,5.32124347425235,287.34714760962686,2,1260.0,42.6,1,0,0,DDOS 
2,0.03551101290511422,1.9175946968761681,2,395.0,68.9,1,0,0,DDOS 
2,0.032478472015268635,1.7538374888245063,2,472.5,71.2,1,0,0,DDOS 
2,0.03823591466237364,2.064739391768176,2,340.5,47.4,1,0,0,DDOS 
2,0.03564612144051374,1.924890557787742,2,392.0,42.5,1,0,0,DDOS 
2,0.04406518152881761,2.37951980255615,2,256.0,57.5,1,0,0,DDOS 
2,0.44179311269578997,23.856828085572655,2,439.5,36.6,1,0,0,DDOS 
2,0.9662507986227735,52.17754312562976,2,539.5,43.7,1,0,0,DDOS 
2,2.582459039951669,139.4527881573901,2,681.0,43.1,1,0,0,DDOS 
2,4.475285113624066,241.66539613569952,2,739.5,45.9,1,0,0,DDOS 
2,4.675610339321907,252.48295832338306,2,797.5,42.3,1,0,0,DDOS 
2,5.345253275775586,288.6436768918817,2,897.5,48.0,1,0,0,DDOS 
2,6.178263045819625,333.6262044742597,2,1055.5,42.9,1,0,0,DDOS 
2,6.89349470113071,372.2487138610584,2,1180.5,63.2,1,0,0,DDOS 
2,8.030376627187886,433.6403378681458,2,1396.5,32.9,1,0,0,DDOS 
2,8.867102728307668,478.82354732861404,2,1505.0,57.7,1,0,0,DDOS 
2,9.284310317889974,501.3527571660586,2,1439.5,40.3,1,0,0,DDOS 
2,8.073002912477595,435.94215727379014,2,1458.0,43.8,1,0,0,DDOS 
2,7.66126351755725,413.70822994809157,2,1449.5,40.0,1,0,0,DDOS 
2,6.791268158535096,366.72848056089515,2,1308.0,42.3,1,0,0,DDOS 
2,6.770504104358258,365.607221635346,2,1308.0,58.9,1,0,0,DDOS 
2,35.74580913926888,1930.2736935205194,2,1308.0,48.6,1,0,0,DDOS 
2,36.63862940039155,1978.4859876211435,2,1258.0,41.4,1,0,0,DDOS 
2,37.74678113105585,2038.3261810770161,2,1290.5,27.2,1,0,0,DDOS 
2,37.8903768938371,2046.0803522672036,2,1291.5,43.8,1,0,0,DDOS 
2,37.15097496191467,2006.1526479433921,2,1349.5,44.6,1,0,0,DDOS 
2,38.7688666332355,2093.518798194717,2,1225.0,62.5,1,0,0,DDOS 
2,0.04756514941544941,2.568518068434268,2,441.0,43.7,1,0,0,DDOS 
2,0.03977781425677063,2.148001969865614,2,314.5,45.3,1,0,0,DDOS 
2,0.03666174555013792,1.9797342597074474,2,370.5,38.9,1,0,0,DDOS 
2,0.03795944137941098,2.0498098344881925,2,345.5,43.1,1,0,0,DDOS 
2,1.3238494675484156,71.48787124761445,2,469.5,43.8,1,0,0,DDOS 
2,2.422788687379234,130.83058911847866,2,593.5,45.2,1,0,0,DDOS 
2,3.3989923388036325,183.54558629539613,2,701.0,38.7,1,0,0,DDOS 
2,4.768383194233457,257.4926924886066,2,890.0,42.3,1,0,0,DDOS 
2,5.016106606687484,270.86975676112405,2,998.0,41.4,1,0,0,DDOS 
2,5.086200766410935,274.6548413861906,2,1056.0,45.1,1,0,0,DDOS 
2,5.153019280977264,278.26304117277226,2,1197.0,46.1,1,0,0,DDOS 
2,0.03649048582241069,1.9704862344101772,2,374.0,48.0,1,0,0,DDOS 
2,0.0337291409907992,1.8213736135031566,2,438.0,41.4,1,0,0,DDOS 
2,0.03509309363935316,1.8950270565250709,2,404.5,42.0,1,0,0,DDOS 
2,0.0328089166974964,1.7716815016648055,2,463.0,44.4,1,0,0,DDOS 
2,0.44995355610443094,24.297492029639272,2,535.5,62.5,1,0,0,DDOS 
2,1.1505403803308287,62.12918053786475,2,652.0,45.3,1,0,0,DDOS 
2,1.1505403803308287,62.12918053786475,2,652.0,33.7,1,0,0,DDOS 
2,1.1505403803308287,62.12918053786475,2,652.0,43.1,1,0,0,DDOS 
2,3.387086106183954,182.90264973393352,2,752.0,42.9,1,0,0,DDOS 
2,4.795551946243228,258.9598050971344,2,850.5,43.8,1,0,0,DDOS 
2,5.9967154605040305,323.8226348672177,2,947.0,46.6,1,0,0,DDOS 
2,6.830030849983166,368.821665899091,2,947.0,41.7,1,0,0,DDOS 
2,6.8109818661632096,367.79302077281335,2,825.0,43.8,1,0,0,DDOS 
2,6.845455291101731,369.6545857194934,2,891.5,41.4,1,0,0,DDOS 
2,0.03042901790432253,1.6431669668334166,2,538.5,42.1,1,0,0,DDOS 
2,0.02727722871781713,1.472970350762125,2,670.5,40.5,1,0,0,DDOS 
2,0.02695818617141911,1.455742053256632,2,686.5,45.9,1,0,0,DDOS 
2,0.02455882914831117,1.3261767740088033,2,827.5,44.6,1,0,0,DDOS 
2,0.02481457863906626,1.339987246509578,2,810.5,60.0,1,0,0,DDOS 
2,0.9890932813843017,53.41103719475228,2,1043.5,48.0,1,0,0,DDOS 
2,1.9027416029529665,102.74804655946019,2,1143.5,42.3,1,0,0,DDOS 
2,2.8412549493021175,153.42776726231435,2,1238.5,41.9,1,0,0,DDOS 
2,2.8412549493021175,153.42776726231435,2,1238.5,45.9,1,0,0,DDOS 
2,4.247091940038311,229.34296476206882,2,1338.5,42.5,1,0,0,DDOS 
2,4.820254084244306,260.29372054919247,2,1446.5,51.3,1,0,0,DDOS 
2,5.6172609319606,303.3320903258724,2,1527.0,56.2,1,0,0,DDOS 
2,6.432495293769853,347.3547458635721,2,1363.0,59.2,1,0,0,DDOS 
2,6.796534171100066,367.01284523940353,2,1189.0,44.6,1,0,0,DDOS 
2,0.039621393611176586,2.1395552550035353,2,317.0,58.8,1,0,0,DDOS 
2,0.04550147759224338,2.4570797899811425,2,240.0,43.8,1,0,0,DDOS 
2,0.04708804466759354,2.542754412050051,2,224.0,42.0,1,0,0,DDOS 
2,0.04573883486220425,2.4698970825590294,2,237.5,50.7,1,0,0,DDOS 
2,0.0505720074956821,2.7308884047668336,2,194.0,43.8,1,0,0,DDOS 
2,0.04368512297818686,2.35899664082209,2,260.5,39.4,1,0,0,DDOS 
2,1.434075737004304,77.44008979823244,2,402.0,47.3,1,0,0,DDOS 
2,2.603134377307183,140.56925637458787,2,598.5,46.2,1,0,0,DDOS 
2,3.3410129295620417,180.41469819635023,2,716.5,44.4,1,0,0,DDOS 
2,3.3410129295620417,180.41469819635023,2,716.5,44.4,1,0,0,DDOS 
2,3.5878051282365075,193.7414769247714,2,824.0,43.1,1,0,0,DDOS 
2,3.676338004344642,198.52225223461065,2,923.5,44.3,1,0,0,DDOS 
2,0.038320041825868775,2.069282258596914,2,339.0,45.3,1,0,0,DDOS 
2,0.03307704024215005,1.786160173076103,2,455.5,44.6,1,0,0,DDOS 
2,0.03782343490671657,2.0424654849626953,2,348.0,43.1,1,0,0,DDOS 
2,0.036514804622636426,1.9717994496223672,2,373.5,43.2,1,0,0,DDOS 
2,0.03511472260080961,1.8961950204437188,2,404.0,43.8,1,0,0,DDOS 
2,1.3675400968794726,73.84716523149152,2,644.5,45.1,1,0,0,DDOS 
2,1.4517458024507857,78.39427333234244,2,644.5,37.3,1,0,0,DDOS 
2,2.693434416401563,145.4454584856844,2,793.5,48.0,1,0,0,DDOS 
2,3.3642388286761364,181.6688967485114,2,893.5,51.9,1,0,0,DDOS 
2,4.205846044968826,227.11568642831662,2,993.5,42.9,1,0,0,DDOS 
2,5.135519115377005,277.31803223035826,2,1092.0,43.2,1,0,0,DDOS 
2,6.3768773155802725,344.35137504133473,2,1189.5,43.7,1,0,0,DDOS 
2,6.752384468768904,364.6287613135208,2,1247.5,40.6,1,0,0,DDOS 
2,6.818754131769326,368.21272311554367,2,1164.0,70.7,1,0,0,DDOS 
2,6.79880704728728,367.13558055351314,2,1122.0,44.7,1,0,0,DDOS 
2,0.03750289283294182,2.0251562129788585,2,354.0,42.3,1,0,0,DDOS 
2,0.04351933564015072,2.350044124568139,2,262.5,41.4,1,0,0,DDOS 
2,0.04103043865293909,2.215643687258711,2,295.5,45.9,1,0,0,DDOS 
2,0.0388660592395314,2.098767198934696,2,329.5,43.2,1,0,0,DDOS 
2,0.033167886225496906,1.7910658561768333,2,453.0,43.8,1,0,0,DDOS 
2,0.029172987716428806,1.5753413366871554,2,586.0,42.3,1,0,0,DDOS 
2,0.029630431107359165,1.6000432797973951,2,568.0,45.3,1,0,0,DDOS 
2,0.029721903296147854,1.604982777991984,2,564.5,45.8,1,0,0,DDOS 
2,0.03275607020832848,1.7688277912497379,2,464.5,45.2,1,0,0,DDOS 
2,0.035377429106499006,1.9103811717509462,2,398.0,45.9,1,0,0,DDOS 
2,1.2806662398946667,69.155976954312,2,523.0,40.8,1,0,0,DDOS 
2,2.345265630553935,126.64434404991252,2,639.5,38.6,1,0,0,DDOS 
2,3.501395024943441,189.07533134694583,2,764.5,44.0,1,0,0,DDOS 
2,4.554010796218142,245.91658299577963,2,859.0,39.0,1,0,0,DDOS 
2,4.554010796218142,245.91658299577963,2,859.0,43.8,1,0,0,DDOS 
2,5.484115189761897,296.14222024714246,2,957.0,44.6,1,0,0,DDOS 
2,5.9808106456670656,322.9637748660215,2,1055.0,45.9,1,0,0,DDOS 
2,6.21277943760624,335.490089630737,2,1073.5,46.6,1,0,0,DDOS 
2,0.03137277503072051,1.6941298516589074,2,506.5,42.3,1,0,0,DDOS 
2,0.8219125198914803,44.383276074139935,2,644.5,46.2,1,0,0,DDOS 
2,1.930147804539129,104.22798144511295,2,793.0,43.1,1,0,0,DDOS 
2,2.2132894067749236,119.51762796584588,2,927.0,41.1,1,0,0,DDOS 
2,2.778797742206891,150.05507807917212,2,1024.5,39.4,1,0,0,DDOS 
2,3.6541552989490573,197.32438614324911,2,1132.5,28.4,1,0,0,DDOS 
2,4.085419482146314,220.61265203590096,2,1132.5,41.7,1,0,0,DDOS 
2,5.379096333524691,290.4712020103334,2,1257.0,42.0,1,0,0,DDOS 
2,6.549494771081543,353.67271763840336,2,1356.5,41.1,1,0,0,DDOS 
2,6.73960662076678,363.9387575214061,2,1274.5,48.6,1,0,0,DDOS 
2,8.022657657120137,433.22351348448734,2,1247.5,42.7,1,0,0,DDOS 
2,8.165374367899876,440.93021586659324,2,1063.5,58.3,1,0,0,DDOS 
2,7.929802733501667,428.20934760909,2,1025.5,42.9,1,0,0,DDOS 
2,0.03763545861396198,2.0323147651539473,2,351.5,42.3,1,0,0,DDOS 
2,0.4758329403980261,25.694978781493404,2,445.5,45.2,1,0,0,DDOS 
2,0.03344498213453097,1.8060290352646726,2,445.5,44.6,1,0,0,DDOS 
2,15.24268346194494,823.1049069450266,2,562.0,44.4,1,0,0,DDOS 
2,14.098511546485083,761.3196235101943,2,678.5,45.2,1,0,0,DDOS 
2,13.293098900247386,717.8273406133586,2,795.0,39.2,1,0,0,DDOS 
2,13.068606248397332,705.7047374134559,2,895.0,45.1,1,0,0,DDOS 
2,13.038884555910073,704.0997660191442,2,903.0,47.8,1,0,0,DDOS 
2,12.908523220407485,697.0602539020044,2,993.0,58.4,1,0,0,DDOS 
2,13.112288809972048,708.0635957384907,2,1159.5,52.0,1,0,0,DDOS 
2,13.19865953898045,712.7276151049443,2,1157.5,38.9,1,0,0,DDOS 
2,13.15552897165098,710.398564469153,2,1224.0,41.4,1,0,0,DDOS 
2,13.256121094601948,715.8305391085051,2,1204.0,29.1,1,0,0,DDOS 
2,13.186018520148044,712.0450000879945,2,1065.0,44.6,1,0,0,DDOS 
2,6.5935638218171855,356.05244637812797,2,1048.5,42.9,1,0,0,DDOS 
2,6.6820899646206735,360.8328580895164,2,1040.0,64.0,1,0,0,DDOS 
2,6.8178084521365205,368.16165641537214,2,1015.0,54.2,1,0,0,DDOS 
2,7.0733922909704114,381.96318371240227,2,995.0,43.1,1,0,0,DDOS 
2,7.5946478431898985,410.11098353225447,2,1086.5,45.3,1,0,0,DDOS 
2,7.748620459670755,418.4255048222207,2,1194.0,44.0,1,0,0,DDOS 
2,6.794768474908778,366.91749764507404,2,964.0,43.8,1,0,0,DDOS 
2,6.392432509183314,345.1913554958989,2,1196.0,42.3,1,0,0,DDOS 
2,5.337916214957968,288.2474756077303,2,1096.0,54.5,1,0,0,DDOS 
2,4.532883841525441,244.7757274423738,2,1005.5,40.8,1,0,0,DDOS 
2,5.324882912250122,287.5436772615066,2,1013.5,45.3,1,0,0,DDOS 
2,5.324882912250122,287.5436772615066,2,1013.5,30.0,1,0,0,DDOS 
2,6.3196086233220266,341.2588656593894,2,1072.0,43.1,1,0,0,DDOS 
2,9.156539045819422,494.4531084742487,2,1180.5,64.6,1,0,0,DDOS 
2,9.738356782137043,525.8712662354004,2,1372.0,30.4,1,0,0,DDOS 
2,9.76585099852428,527.3559539203112,2,1393.0,42.9,1,0,0,DDOS 
2,8.986085933410811,485.2486404041838,2,1294.5,48.6,1,0,0,DDOS 
2,6.70355635578679,361.9920432124867,2,1072.5,40.8,1,0,0,DDOS 
2,6.522836315227617,352.2331610222913,2,1120.5,43.8,1,0,0,DDOS 
2,6.4320635377678546,347.3314310394642,2,1228.0,47.1,1,0,0,DDOS 
2,6.541529949419371,353.24261726864603,2,1319.5,46.5,1,0,0,DDOS 
2,6.518138527577634,351.9794804891923,2,1303.0,42.3,1,0,0,DDOS 
2,6.873395527608639,371.1633584908665,2,1227.0,42.5,1,0,0,DDOS 
2,5.041535015346909,272.2428908287331,2,1118.5,38.9,1,0,0,DDOS 
2,6.5592667817073265,354.2004062121956,2,970.0,44.6,1,0,0,DDOS 
2,6.5592667817073265,354.2004062121956,2,970.0,42.3,1,0,0,DDOS 
2,7.030219150610026,379.6318341329414,2,970.5,45.3,1,0,0,DDOS 
2,6.940111731441586,374.7660334978456,2,1004.5,40.3,1,0,0,DDOS 
2,0.032074997945205845,1.7320498890411156,2,484.5,46.8,1,0,0,DDOS 
2,0.030261363921575028,1.6341136517650516,2,544.5,45.1,1,0,0,DDOS 
2,0.030261363921575028,1.6341136517650516,2,544.5,41.6,1,0,0,DDOS 
2,1.1927531555027484,64.40867039714841,2,677.5,57.7,1,0,0,DDOS 
2,1.989469226924118,107.43133825390238,2,819.0,38.7,1,0,0,DDOS 
2,1.989469226924118,107.43133825390238,2,819.0,43.2,1,0,0,DDOS 
2,6.965216126349256,376.12167082286004,2,943.5,39.7,1,0,0,DDOS 
2,7.416451569920426,400.4883847757029,2,1041.5,41.7,1,0,0,DDOS 
2,7.661452407501796,413.718430005097,2,1141.0,43.1,1,0,0,DDOS 
2,7.819475941454619,422.2517008385494,2,1316.0,41.9,1,0,0,DDOS 
2,7.933723879249457,428.4210894794707,2,1274.5,43.1,1,0,0,DDOS 
2,0.032529984179627304,1.7566191456998743,2,471.0,43.8,1,0,0,DDOS 
2,0.0325990498852012,1.7603486938008646,2,469.0,40.5,1,0,0,DDOS 
2,0.03289756544027947,1.7764685337750914,2,460.5,47.2,1,0,0,DDOS 
2,0.028443996874899263,1.5359758312445602,2,616.5,33.3,1,0,0,DDOS 
2,1.4591201908876368,78.7924903079324,2,741.5,44.4,1,0,0,DDOS 
2,2.160123842595662,116.64668750016577,2,859.5,45.2,1,0,0,DDOS 
2,3.2677274872682256,176.4572843124842,2,983.5,42.5,1,0,0,DDOS 
2,4.024712416847447,217.33447050976213,2,1058.5,45.3,1,0,0,DDOS 
2,4.3573864659890384,235.29886916340806,2,1108.0,37.7,1,0,0,DDOS 
2,5.708147598769625,308.23997033355977,2,1197.0,56.8,1,0,0,DDOS 
2,6.3284714654066265,341.73745913195785,2,1222.0,40.8,1,0,0,DDOS 
2,6.552358455546451,353.82735659950833,2,1117.5,43.1,1,0,0,DDOS 
2,0.03925338685795341,2.119682890329484,2,323.0,39.7,1,0,0,DDOS 
2,0.03925338685795341,2.119682890329484,2,323.0,43.8,1,0,0,DDOS 
2,0.03787766185765536,2.04539374031339,2,347.0,43.1,1,0,0,DDOS 
2,0.03507150459580823,1.8938612481736445,2,405.0,38.1,1,0,0,DDOS 
2,0.0347104814715034,1.8743659994611834,2,413.5,35.1,1,0,0,DDOS 
2,0.03141919584107638,1.6966365754181243,2,505.0,43.1,1,0,0,DDOS 
2,0.03400099727214903,1.8360538526960477,2,431.0,26.3,1,0,0,DDOS 
2,0.03369083427357635,1.819305050773123,2,439.0,23.1,1,0,0,DDOS 
2,0.03922318046643407,2.1180517451874397,2,323.5,27.2,1,0,0,DDOS 
2,0.05471731879365945,2.9547352148576107,2,165.5,26.6,1,0,0,DDOS 
2,0.05471731879365945,2.9547352148576107,2,165.5,23.1,1,0,0,DDOS 
2,0.05471731879365945,2.9547352148576107,2,165.5,43.2,1,0,0,DDOS 
2,11.499003949766026,620.9462132873655,2,559.0,44.4,1,0,0,DDOS 
2,11.514997949380392,621.8098892665415,2,559.0,43.8,1,0,0,DDOS 
2,10.543529997687143,569.350619875106,2,692.0,42.3,1,0,0,DDOS 
2,9.91233298222017,535.265981039889,2,858.5,45.8,1,0,0,DDOS 
2,9.860377403780467,532.4603798041453,2,875.0,52.6,1,0,0,DDOS 
2,9.770798068846506,527.6230957177112,2,983.0,40.8,1,0,0,DDOS 
2,9.939289430091632,536.7216292249482,2,1241.0,47.4,1,0,0,DDOS 
2,10.22546036363517,552.1748596362993,2,1241.0,40.3,1,0,0,DDOS 
2,10.334924685407355,558.0859330119972,2,1471.0,29.5,1,0,0,DDOS 
2,10.824741602377777,584.5360465283999,2,1636.0,44.0,1,0,0,DDOS 
2,10.844877788532491,585.6234005807544,2,1644.0,62.3,1,0,0,DDOS 
2,6.971972047336469,376.4864905561693,2,1216.0,25.9,1,0,0,DDOS 
2,7.773331102800848,419.7598795512458,2,1783.0,58.4,1,0,0,DDOS 
2,5.212205530013577,281.45909862073313,2,6781.5,40.7,1,0,0,DDOS 
2,0.006685113311634187,0.360996118828246,2,11186.5,51.3,1,0,0,DDOS 
2,0.0,0.0,2,3716.0,41.8,1,0,0,DDOS 
2,0.0,0.0,2,4180.5,43.8,1,0,0,DDOS 
2,0.0,0.0,2,3754.5,38.3,1,0,0,DDOS 
2,0.0,0.0,2,4263.5,41.3,1,0,0,DDOS 
2,0.0,0.0,2,3748.0,64.0,1,0,0,DDOS 
2,0.7223195002876376,39.00525301553243,2,3345.0,33.8,1,0,0,DDOS 
2,0.974667628229563,52.632051924396386,2,3546.0,39.4,1,0,0,DDOS 
2,1.1784441148410225,63.635982201415224,2,3662.5,40.8,1,0,0,DDOS 
2,2.971280883388724,160.4491677029911,2,3993.0,38.2,1,0,0,DDOS 
2,22.76997086026884,1229.5784264545173,2,4386.5,64.7,1,0,0,DDOS 
2,28.386153805643858,1532.8523055047683,2,2868.5,59.0,1,0,0,DDOS 
2,31.15883813158611,1682.5772591056498,2,2381.0,62.0,1,0,0,DDOS 
2,33.62938788839895,1815.9869459735426,2,2055.5,42.3,1,0,0,DDOS 
2,36.01276612987551,1944.6893710132774,2,1761.0,64.5,1,0,0,DDOS 
2,18.8112661389648,1015.8083715040993,2,6799.5,42.2,1,0,0,DDOS 
2,0.006078381591776477,0.32823260595592973,2,13531.5,42.7,1,0,0,DDOS 
2,0.0,0.0,2,4330.5,42.5,1,0,0,DDOS 
2,0.0,0.0,2,3866.5,39.0,1,0,0,DDOS 
2,0.0,0.0,2,3875.0,41.8,1,0,0,DDOS 
2,0.0,0.0,2,3751.0,40.3,1,0,0,DDOS 
2,0.0,0.0,2,3878.5,68.9,1,0,0,DDOS 
2,1.3114646194773985,70.81908945177952,2,5174.5,48.7,1,0,0,DDOS 
2,9.936595308159667,536.576146640622,2,5542.0,44.4,1,0,0,DDOS 
2,9.834415368284484,531.0584298873622,2,5866.0,64.4,1,0,0,DDOS 
2,10.976895006180683,592.7523303337568,2,5260.5,64.8,1,0,0,DDOS 
2,14.24228914677626,769.083613925918,2,3327.0,63.8,1,0,0,DDOS 
2,18.553272613578244,1001.8767211332251,2,1895.0,45.2,1,0,0,DDOS 
2,18.161512790804984,980.7216907034689,2,2053.5,67.9,1,0,0,DDOS 
2,5.232435068629497,282.5514937059928,2,8319.5,41.0,1,0,0,DDOS 
2,0.0,0.0,2,11919.0,42.5,1,0,0,DDOS 
2,0.0,0.0,2,5082.0,47.6,1,0,0,DDOS 
2,0.0,0.0,2,5333.0,43.6,1,0,0,DDOS 
2,0.0,0.0,2,5973.0,66.2,1,0,0,DDOS 
2,1.1408798520294412,61.607512009589826,2,6448.0,29.6,1,0,0,DDOS 
2,33.042415844789716,1784.2904556186445,2,7699.0,66.7,1,0,0,DDOS 
2,26.787874199486797,1446.545206772287,2,12121.5,67.1,1,0,0,DDOS 
2,5.326039273463963,287.60612076705405,2,11170.5,41.8,1,0,0,DDOS 
2,0.007847543480296348,0.42376734793600285,2,8117.5,42.5,1,0,0,DDOS 
2,0.0,0.0,2,6639.0,42.1,1,0,0,DDOS 
2,0.0,0.0,2,5235.5,42.0,1,0,0,DDOS 
2,0.0,0.0,2,6040.5,53.2,1,0,0,DDOS 
2,0.0,0.0,2,4384.5,45.8,1,0,0,DDOS 
2,0.0,0.0,2,4405.5,41.2,1,0,0,DDOS 
2,0.0,0.0,2,4798.0,43.0,1,0,0,DDOS 
2,0.0,0.0,2,5353.5,42.9,1,0,0,DDOS 
2,0.0,0.0,2,4393.5,72.0,1,0,0,DDOS 
2,1.392021341790406,75.16915245668193,2,4778.0,70.7,1,0,0,DDOS 
2,2.8518356881580464,153.9991271605345,2,8023.5,65.3,1,0,0,DDOS 
2,5.033165146457656,271.7909179087134,2,12522.0,70.0,1,0,0,DDOS 
2,4.591687194359678,247.95110849542257,2,16939.0,48.1,1,0,0,DDOS 
2,0.0,0.0,2,6296.0,44.4,1,0,0,DDOS 
2,0.0,0.0,2,6132.0,45.0,1,0,0,DDOS 
2,0.009058030438815508,0.4891336436960374,2,6092.5,41.8,1,0,0,DDOS 
2,0.0,0.0,2,6094.0,48.1,1,0,0,DDOS 
2,0.0,0.0,2,5792.0,47.0,1,0,0,DDOS 
2,0.0,0.0,2,6146.5,41.6,1,0,0,DDOS 
2,0.0,0.0,2,6142.5,43.8,1,0,0,DDOS 
2,0.0,0.0,2,6354.5,43.6,1,0,0,DDOS 
2,0.0,0.0,2,5151.0,48.1,1,0,0,DDOS 
2,0.0,0.0,2,5982.0,44.9,1,0,0,DDOS 
2,0.0,0.0,2,6249.5,44.9,1,0,0,DDOS 
2,0.0,0.0,2,6127.5,43.6,1,0,0,DDOS 
2,0.0,0.0,2,6192.5,46.8,1,0,0,DDOS 
2,0.0,0.0,2,6113.5,44.2,1,0,0,DDOS 
2,0.0,0.0,2,6325.0,43.2,1,0,0,DDOS 
2,0.0,0.0,2,6105.0,41.8,1,0,0,DDOS 
2,0.0,0.0,2,6179.0,41.8,1,0,0,DDOS 
2,0.0,0.0,2,5379.0,42.5,1,0,0,DDOS 
2,0.0,0.0,2,6309.0,49.4,1,0,0,DDOS 
2,0.0,0.0,2,6134.5,85.0,1,0,0,DDOS 
2,0.0,0.0,2,6058.5,43.8,1,0,0,DDOS 
2,0.0,0.0,2,6068.0,41.6,1,0,0,DDOS 
2,0.0,0.0,2,5247.5,42.3,1,0,0,DDOS 
2,0.0,0.0,2,5855.5,43.0,1,0,0,DDOS 
2,0.0,0.0,2,5880.5,43.0,1,0,0,DDOS 
2,0.0,0.0,2,6215.0,41.0,1,0,0,DDOS 
2,0.0,0.0,2,6157.5,48.8,1,0,0,DDOS 
2,0.0,0.0,2,5773.0,43.0,1,0,0,DDOS 
2,0.0,0.0,2,5755.0,47.0,1,0,0,DDOS 
2,0.0,0.0,2,5778.0,45.6,1,0,0,DDOS 
2,0.0,0.0,2,5826.5,42.9,1,0,0,DDOS 
2,0.0,0.0,2,5920.0,41.8,1,0,0,DDOS 
2,0.0,0.0,2,6011.5,44.3,1,0,0,DDOS 
2,0.0,0.0,2,5911.0,31.6,1,0,0,DDOS 
2,0.0,0.0,2,3522.0,68.0,1,0,0,DDOS 
2,0.3177668533218834,17.159410079381708,2,2570.0,69.0,1,0,0,DDOS 
2,0.8578459588258002,46.32368177659322,2,3967.5,72.2,1,0,0,DDOS 
2,0.9332422802313382,50.39508313249227,2,6115.0,41.4,1,0,0,DDOS 
2,0.01027710687563561,0.554963771284323,2,4732.5,43.1,1,0,0,DDOS 
2,0.013834289023855018,0.747051607288171,2,2611.0,43.1,1,0,0,DDOS 
2,0.03031694030043069,1.6371147762232572,2,542.5,42.9,1,0,0,DDOS 
2,0.03599075726462155,1.9435008922895638,2,384.5,40.5,1,0,0,DDOS 
2,0.03324110442769186,1.7950196390953603,2,451.0,38.4,1,0,0,DDOS 
2,0.03256446210228868,1.7584809535235886,2,470.0,42.6,1,0,0,DDOS 
2,0.0323592223069877,1.7473980045773356,2,476.0,42.5,1,0,0,DDOS 
2,0.02787472523940112,1.5052351629276606,2,642.0,42.3,1,0,0,DDOS 
2,0.03295110085048721,1.7793594459263096,2,459.0,44.6,1,0,0,DDOS 
2,0.032478472015268635,1.7538374888245063,2,472.5,44.0,1,0,0,DDOS 
2,0.03191126573394195,1.7232083496328654,2,489.5,45.8,1,0,0,DDOS 
2,0.033186145409685584,1.7920518521230215,2,452.5,40.8,1,0,0,DDOS 
2,0.028409540218205128,1.5341151717830768,2,618.0,43.8,1,0,0,DDOS 
2,0.03289756544027947,1.7764685337750914,2,460.5,43.1,1,0,0,DDOS 
2,0.031830334333621126,1.718838054015541,2,492.0,47.5,1,0,0,DDOS 
2,0.0,0.0,2,3707.5,43.6,1,0,0,DDOS 
2,0.007317225513341426,0.395130177720437,2,9337.0,42.1,1,0,0,DDOS 
2,0.007263943801348849,0.3922529652728379,2,9474.5,43.0,1,0,0,DDOS 
2,0.0074265843897344955,0.40103555704566274,2,9064.0,42.3,1,0,0,DDOS 
2,0.0,0.0,2,9305.0,41.0,1,0,0,DDOS 
2,0.007077617629998041,0.38219135201989424,2,9980.0,44.4,1,0,0,DDOS 
2,0.0,0.0,2,6312.5,41.8,1,0,0,DDOS 
2,0.0,0.0,2,6291.0,43.0,1,0,0,DDOS 
2,0.0,0.0,2,6227.5,45.7,1,0,0,DDOS 
2,0.0,0.0,2,6376.5,41.8,1,0,0,DDOS 
2,0.0,0.0,2,6222.0,43.0,1,0,0,DDOS 
2,0.0,0.0,2,6172.0,43.6,1,0,0,DDOS 
2,0.0,0.0,2,6085.5,43.9,1,0,0,DDOS 
2,0.0,0.0,2,6038.5,44.4,1,0,0,DDOS 
2,0.0,0.0,2,5997.0,41.0,1,0,0,DDOS 
2,0.0,0.0,2,6099.0,41.6,1,0,0,DDOS 
2,0.0,0.0,2,6297.5,80.5,1,0,0,DDOS 
2,0.0,0.0,2,5856.5,42.9,1,0,0,DDOS 
2,0.0,0.0,2,5510.5,43.2,1,0,0,DDOS 
2,0.0,0.0,2,5855.5,40.3,1,0,0,DDOS 
2,0.0,0.0,2,6208.5,43.6,1,0,0,DDOS 
2,0.0,0.0,2,6385.0,43.7,1,0,0,DDOS 
2,0.008890030370408756,0.48006164000207274,2,6325.0,42.5,1,0,0,DDOS 
2,0.0,0.0,2,6207.5,45.1,1,0,0,DDOS 
2,0.0,0.0,2,5945.0,44.3,1,0,0,DDOS 
2,0.0,0.0,2,6285.5,45.0,1,0,0,DDOS 
2,0.0,0.0,2,6435.5,45.6,1,0,0,DDOS 
2,0.0,0.0,2,6357.0,41.6,1,0,0,DDOS 
2,0.0,0.0,2,6156.0,44.4,1,0,0,DDOS 
2,0.0,0.0,2,6045.0,42.9,1,0,0,DDOS 
2,0.0,0.0,2,5898.5,43.7,1,0,0,DDOS 
2,0.0,0.0,2,6059.0,44.3,1,0,0,DDOS 
2,0.0,0.0,2,6187.5,41.8,1,0,0,DDOS 
2,0.0,0.0,2,5963.5,41.6,1,0,0,DDOS 
2,0.0,0.0,2,6158.0,46.8,1,0,0,DDOS 
2,0.0,0.0,2,6213.5,46.3,1,0,0,DDOS 
2,0.0,0.0,2,6121.0,41.6,1,0,0,DDOS 
2,0.0,0.0,2,6041.5,40.3,1,0,0,DDOS 
2,0.0,0.0,2,6015.0,46.3,1,0,0,DDOS 
2,0.0,0.0,2,6021.0,47.6,1,0,0,DDOS 
2,0.0,0.0,2,5831.0,31.2,1,0,0,DDOS 
2,0.0,0.0,2,4246.5,42.3,1,0,0,DDOS 
2,0.0,0.0,2,1328.5,46.6,1,0,0,DDOS 
2,0.4689408603322372,25.322806457940807,2,1438.0,65.3,1,0,0,DDOS 
2,1.0929954737947087,59.02175558491427,2,2992.5,62.7,1,0,0,DDOS 
2,1.9770455698089024,106.76046076968073,2,3872.0,27.5,1,0,0,DDOS 
2,3.488814443885791,188.39597996983275,2,4758.5,37.8,1,0,0,DDOS 
2,4.954146676210918,267.5239205153896,2,5915.0,47.4,1,0,0,DDOS 
2,17.785292774289253,960.4058098116194,2,7516.0,76.7,1,0,0,DDOS 
2,17.947024992884078,969.1393496157406,2,7056.5,43.8,1,0,0,DDOS 
2,0.016788356279627187,0.9065712390998679,2,1772.5,46.1,1,0,0,DDOS 
2,0.016595366922125657,0.8961498137947854,2,1814.0,45.3,1,0,0,DDOS 
2,0.016850209570225875,0.9099113167921972,2,1759.5,56.6,1,0,0,DDOS 
2,0.016859786272816143,0.9104284587320716,2,1757.5,40.8,1,0,0,DDOS 
2,0.0,0.0,2,3193.0,53.8,1,0,0,DDOS 
2,0.007868407545748768,0.42489400747043343,2,8074.5,49.4,1,0,0,DDOS 
2,0.008603443763871574,0.46458596324906504,2,6753.5,43.4,1,0,0,DDOS 
2,0.01790287093082875,0.9667550302647524,2,1558.5,44.6,1,0,0,DDOS 
2,0.017680431448689405,0.9547432982292278,2,1598.0,39.2,1,0,0,DDOS 
2,0.01706723152168703,0.9216305021710995,2,1715.0,43.6,1,0,0,DDOS 
2,0.017147336290762833,0.925956159701193,2,1699.0,39.2,1,0,0,DDOS 
2,0.017144815921332844,0.9258200597519736,2,1699.5,43.2,1,0,0,DDOS 
2,0.016983338318247478,0.9171002691853638,2,1732.0,38.8,1,0,0,DDOS 
2,0.012502930565056133,0.6751582505130311,2,3197.0,44.9,1,0,0,DDOS 
2,0.012486350362805303,0.6742629195914864,2,3205.5,56.8,1,0,0,DDOS 
2,0.01722091400023731,0.9299293560128148,2,1684.5,45.1,1,0,0,DDOS 
2,0.017600832750124484,0.9504449685067221,2,1612.5,45.2,1,0,0,DDOS 
2,0.017652861764049586,0.9532545352586778,2,1603.0,43.8,1,0,0,DDOS 
2,0.017298034452918155,0.9340938604575804,2,1669.5,41.9,1,0,0,DDOS 
2,0.017254205999846305,0.9317271239917007,2,1678.0,40.6,1,0,0,DDOS 
2,0.016809689882644724,0.907723253662815,2,1768.0,41.0,1,0,0,DDOS 
2,0.010124278933983712,0.5467110624351205,2,4876.5,42.5,1,0,0,DDOS 
2,0.0,0.0,2,10660.5,50.0,1,0,0,DDOS 
2,0.01082172491852451,0.5843731456003235,2,4268.0,46.7,1,0,0,DDOS 
2,0.016776539319188717,0.9059331232361908,2,1775.0,30.3,1,0,0,DDOS 
2,0.5651440238135197,30.517777285930062,2,2333.0,62.3,1,0,0,DDOS 
2,1.5969329578272444,86.2343797226712,2,2924.0,65.3,1,0,0,DDOS 
2,2.6854440557254984,145.0139790091769,2,3678.0,55.1,1,0,0,DDOS 
2,3.9520442637906865,213.41039024469714,2,4544.5,61.5,1,0,0,DDOS 
2,19.93364642178526,1076.4169067764046,2,5680.5,53.4,1,0,0,DDOS 
2,64.96049695394103,3507.866835512817,2,5292.5,65.7,1,0,0,DDOS 
2,47.0376911536128,2540.035322295091,2,10204.5,47.4,1,0,0,DDOS 
2,0.02838663855935168,1.5328784822049906,2,619.0,43.2,1,0,0,DDOS 
2,0.02697779923882321,1.4568011588964533,2,685.5,44.4,1,0,0,DDOS 
2,0.026416592624829243,1.4264960017407793,2,715.0,44.0,1,0,0,DDOS 
2,0.028250382082791365,1.5255206324707336,2,625.0,44.6,1,0,0,DDOS 
2,0.02911111501565821,1.5720002108455433,2,588.5,43.0,1,0,0,DDOS 
2,0.011278753323457858,0.6090526794667243,2,3929.0,43.8,1,0,0,DDOS 
2,0.0,0.0,2,10112.0,43.1,1,0,0,DDOS 
2,0.010465611490849984,0.565143020505899,2,4563.5,42.3,1,0,0,DDOS 
2,0.028443996874899263,1.5359758312445602,2,616.5,44.6,1,0,0,DDOS 
2,0.02948838006283275,1.5923725233929684,2,573.5,41.7,1,0,0,DDOS 
2,0.028295582665079443,1.5279614639142902,2,623.0,43.1,1,0,0,DDOS 
2,0.028688755794510707,1.5491928129035781,2,606.0,43.7,1,0,0,DDOS 
2,0.029854059822803765,1.6121192304314034,2,559.5,40.5,1,0,0,DDOS 
2,0.02867695702087958,1.5485556791274973,2,606.5,45.2,1,0,0,DDOS 
2,0.028819510928278832,1.5562535901270569,2,600.5,42.3,1,0,0,DDOS 
2,0.0212142620250153,1.1455701493508263,2,1109.5,46.8,1,0,0,DDOS 
2,0.009197176499400649,0.49664753096763503,2,5909.5,44.7,1,0,0,DDOS 
2,0.007730367076803981,0.41743982214741493,2,8365.5,31.3,1,0,0,DDOS 
2,8.435164016897154,455.49885691244623,2,7492.5,62.2,1,0,0,DDOS 
2,8.474888255832418,457.6439658149506,2,8002.5,42.0,1,0,0,DDOS 
2,0.03159118541626753,1.7059240124784463,2,499.5,40.5,1,0,0,DDOS 
2,0.02994762534580301,1.6171717686733627,2,556.0,51.9,1,0,0,DDOS 
2,0.024618293669113934,1.3293878581321525,2,823.5,44.9,1,0,0,DDOS 
2,0.02258193466972523,1.2194244721651626,2,979.0,43.8,1,0,0,DDOS 
2,0.0216574017066435,1.1694996921587493,2,1064.5,43.8,1,0,0,DDOS 
2,0.021291055953388666,1.149717021482988,2,1101.5,48.1,1,0,0,DDOS 
2,0.7786787289691759,42.0486513643355,2,1357.5,43.8,1,0,0,DDOS 
2,5.004004038625078,270.21621808575424,2,1669.5,56.8,1,0,0,DDOS 
2,5.2196691899487435,281.8621362572321,2,1785.5,82.2,1,0,0,DDOS 
2,5.948636986821447,321.2263972883581,2,2007.0,41.7,1,0,0,DDOS 
2,6.1722301691626935,333.3004291347854,2,2139.5,41.1,1,0,0,DDOS 
2,6.305996356976313,340.5238032767209,2,2256.0,46.8,1,0,0,DDOS 
2,6.451352340367693,348.37302637985545,2,2472.5,84.2,1,0,0,DDOS 
2,0.02430364680254384,1.3123969273373675,2,845.0,41.7,1,0,0,DDOS 
2,0.023945653189568795,1.293065272236715,2,870.5,40.6,1,0,0,DDOS 
2,0.021486749837622183,1.160284491231598,2,1081.5,45.1,1,0,0,DDOS 
2,0.021091224941829616,1.138926146858799,2,1122.5,41.9,1,0,0,DDOS 
2,10.123189480874549,546.6522319672257,2,1271.5,49.3,1,0,0,DDOS 
2,9.845012915634376,531.6306974442562,2,1496.0,42.3,1,0,0,DDOS 
2,9.972042458988557,538.4902927853822,2,1587.5,46.5,1,0,0,DDOS 
2,10.097332426877337,545.2559510513762,2,1980.5,53.4,1,0,0,DDOS 
2,10.205298915946823,551.0861414611286,2,2072.0,43.1,1,0,0,DDOS 
2,10.569186711265568,570.7360824083406,2,2314.0,42.5,1,0,0,DDOS 
2,10.65632813433168,575.4417192539108,2,2430.0,44.6,1,0,0,DDOS 
2,10.727693223002204,579.295434042119,2,2679.5,51.3,1,0,0,DDOS 
2,0.05977851187149414,3.228039641060684,2,698.5,43.4,1,0,0,DDOS 
2,0.0,0.0,2,664.5,67.6,1,0,0,DDOS 
2,0.024875924986502373,1.343299949271128,2,806.5,43.7,1,0,0,DDOS 
2,0.023268398261012492,1.2564935060946745,2,922.0,60.5,1,0,0,DDOS 
2,2.8880030895414546,155.9521668352386,2,1114.0,43.7,1,0,0,DDOS 
2,2.7641835362996017,149.2659109601785,2,1418.5,54.4,1,0,0,DDOS 
2,2.7145858029722447,146.58763336050123,2,1524.0,52.0,1,0,0,DDOS 
2,3.054750500664654,164.9565270358913,2,1673.5,40.8,1,0,0,DDOS 
