3,0.0,0.0,3,1.0,2.5,0,0,0,Normal
3,0.0,0.0,3,1.0,2.5,0,0,0,Normal
3,0.0,0.0,3,1.0,2.5,0,0,0,Normal
3,0.0,0.0,3,1.0,2.5,0,0,0,Normal
3,0.0,0.0,3,1.0,3.8,0,0,0,Normal
3,0.0,0.0,3,1.0,1.2,0,0,0,Normal
3,0.0,0.0,3,1.0,4.9,0,0,0,Normal
3,0.0,0.0,3,1.0,1.3,0,0,0,Normal
3,0.0,0.0,3,1.0,27.8,0,0,0,Normal
3,0.0,0.0,3,1.0,1.3,0,0,0,Normal
3,0.0,0.0,3,1.0,0.0,0,0,0,Normal
3,0.0,0.0,3,1.0,0.0,0,0,0,Normal
3,0.0,0.0,3,1.0,2.5,0,0,0,Normal
3,0.0,0.0,3,1.0,7.8,0,0,0,Normal
3,0.0,0.0,3,1.0,2.5,0,0,0,Normal
3,0.0,0.0,3,1.0,13.9,0,0,0,Normal
3,0.0,0.0,3,1.0,1.2,0,0,0,Normal
3,0.0,0.0,3,1.0,1.2,0,0,0,Normal
3,0.0,0.0,3,1.0,2.5,0,0,0,Normal
3,0.0,0.0,3,1.0,11.8,0,0,0,Normal
3,0.0,0.0,3,1.0,29.6,0,0,0,Normal
3,0.0,0.0,3,1.0,39.0,0,0,0,Normal
3,0.0,0.0,3,1.0,28.8,0,0,0,Normal
3,0.0,0.0,3,1.0,31.6,0,0,0,Normal
3,0.0,0.0,3,1.0,32.5,0,0,0,Normal
3,0.0,0.0,3,1.0,2.5,0,0,0,Normal
3,0.0,0.0,3,1.0,53.2,0,0,0,Normal
3,0.0,0.0,3,1.0,60.8,0,0,0,Normal
3,0.0,0.0,3,1.0,51.3,0,0,0,Normal
3,0.0,0.0,3,1.0,33.8,0,0,0,Normal
3,0.0,0.0,3,1.0,32.5,0,0,0,Normal
3,0.0,0.0,3,1.0,32.1,0,0,0,Normal
3,0.0,0.0,3,1.0,19.5,0,0,0,Normal
3,0.0,0.0,3,1.0,49.3,0,0,0,Normal
3,0.0,0.0,3,1.0,22.8,0,0,0,Normal
3,0.0,0.0,3,1.0,19.0,0,0,0,Normal
3,0.0,0.0,3,1.0,34.9,0,0,0,Normal
3,0.5,49.0,3,1.0,20.0,0,0,0,Normal
3,0.5,49.0,3,1.0,16.9,0,0,0,Normal
3,0.5,49.0,3,1.0,16.9,0,0,0,Normal
3,0.5,49.0,3,1.0,16.9,0,0,0,Normal
3,0.5,49.0,3,1.0,17.5,0,0,0,Normal
3,0.5,49.0,3,1.0,16.5,0,0,0,Normal
3,0.5,49.0,3,1.0,14.5,0,0,0,Normal
3,0.5,49.0,3,1.0,21.8,0,0,0,Normal
3,0.5,49.0,3,1.0,23.1,0,0,0,Normal
3,0.5,49.0,3,1.0,17.9,0,0,0,Normal
3,0.5,49.0,3,1.0,24.7,0,0,0,Normal
3,0.5,49.0,3,1.0,30.8,0,0,0,Normal
3,0.5,49.0,3,1.0,47.4,0,0,0,Normal
3,0.0,0.0,3,1.0,19.2,0,0,0,Normal
3,0.0,0.0,3,1.0,15.4,0,0,0,Normal
3,0.0,0.0,3,1.0,17.7,0,0,0,Normal
3,0.0,0.0,3,1.0,35.8,0,0,0,Normal
3,0.0,0.0,3,1.0,50.0,0,0,0,Normal
3,0.0,0.0,3,1.0,26.3,0,0,0,Normal
3,0.0,0.0,3,1.0,28.6,0,0,0,Normal
3,0.0,0.0,3,1.0,31.2,0,0,0,Normal
3,0.0,0.0,3,1.0,31.1,0,0,0,Normal
3,0.0,0.0,3,1.0,32.9,0,0,0,Normal
3,0.0,0.0,3,1.0,37.3,0,0,0,Normal
3,0.0,0.0,3,1.0,32.5,0,0,0,Normal
3,0.5,49.0,3,1.0,29.5,0,0,0,Normal
3,0.5,49.0,3,1.0,29.6,0,0,0,Normal
3,0.5,49.0,3,1.0,31.7,0,0,0,Normal
3,0.5,49.0,3,1.0,32.9,0,0,0,Normal
3,0.5,49.0,3,1.0,31.6,0,0,0,Normal
3,0.5,49.0,3,1.0,30.3,0,0,0,Normal
3,0.5,49.0,3,1.0,46.2,0,0,0,Normal
3,0.5,49.0,3,1.0,60.5,0,0,0,Normal
3,0.5,49.0,3,1.0,47.6,0,0,0,Normal
3,0.5,49.0,3,1.0,33.3,0,0,0,Normal
3,0.5,49.0,3,1.0,32.0,0,0,0,Normal
3,0.5,49.0,3,1.0,27.8,0,0,0,Normal
3,0.5,49.0,3,1.0,32.5,0,0,0,Normal
3,0.5,49.0,3,1.0,26.4,0,0,0,Normal
3,0.5,49.0,3,1.0,33.8,0,0,0,Normal
3,0.5,49.0,3,1.0,30.5,0,0,0,Normal
3,0.5,49.0,3,1.0,32.9,0,0,0,Normal
3,0.5,49.0,3,1.0,35.9,0,0,0,Normal
3,0.5,49.0,3,1.0,32.6,0,0,0,Normal
3,0.5,49.0,3,1.0,32.1,0,0,0,Normal
3,0.5,49.0,3,1.0,33.3,0,0,0,Normal
3,0.5,49.0,3,1.0,28.7,0,0,0,Normal
3,0.5,49.0,3,1.0,28.9,0,0,0,Normal
3,0.5,49.0,3,1.0,30.8,0,0,0,Normal
3,0.5,49.0,3,1.0,28.8,0,0,0,Normal
3,0.5,49.0,3,1.0,29.6,0,0,0,Normal
3,0.5,49.0,3,1.0,16.5,0,0,0,Normal
3,0.5,49.0,3,1.0,14.1,0,0,0,Normal
3,0.5,49.0,3,1.0,16.0,0,0,0,Normal
3,0.5,49.0,3,1.0,15.4,0,0,0,Normal
3,0.5,49.0,3,1.0,16.2,0,0,0,Normal
3,0.5,49.0,3,1.0,22.9,0,0,0,Normal
3,0.5,49.0,3,1.0,19.2,0,0,0,Normal
3,0.5,49.0,3,1.0,11.8,0,0,0,Normal
3,0.5,49.0,3,1.0,19.5,0,0,0,Normal
3,0.5,49.0,3,1.0,16.2,0,0,0,Normal
3,0.5,49.0,3,1.0,13.0,0,0,0,Normal
3,0.5,49.0,3,1.0,12.8,0,0,0,Normal
3,0.5,49.0,3,1.0,15.2,0,0,0,Normal
3,0.5,49.0,3,1.0,16.2,0,0,0,Normal
3,0.5,49.0,3,1.0,15.2,0,0,0,Normal
3,0.5,49.0,3,1.0,17.1,0,0,0,Normal
3,0.0,0.0,3,1.0,16.2,0,0,0,Normal
3,0.0,0.0,3,1.0,18.7,0,0,0,Normal
3,0.0,0.0,3,1.0,15.0,0,0,0,Normal
3,0.0,0.0,3,1.0,17.9,0,0,0,Normal
3,0.0,0.0,3,1.0,13.9,0,0,0,Normal
3,0.0,0.0,3,1.0,13.9,0,0,0,Normal
3,0.0,0.0,3,1.0,12.8,0,0,0,Normal
3,0.0,0.0,3,1.0,19.5,0,0,0,Normal
3,0.0,0.0,3,1.0,32.1,0,0,0,Normal
3,0.0,0.0,3,1.0,32.9,0,0,0,Normal
3,0.0,0.0,3,1.0,34.2,0,0,0,Normal
3,0.0,0.0,3,1.0,31.6,0,0,0,Normal
3,0.0,0.0,3,1.0,15.6,0,0,0,Normal
3,0.0,0.0,3,1.0,17.5,0,0,0,Normal
3,0.0,0.0,3,1.0,13.9,0,0,0,Normal
3,0.0,0.0,3,1.0,15.0,0,0,0,Normal
3,0.0,0.0,3,1.0,17.9,0,0,0,Normal
3,0.0,0.0,3,1.0,13.9,0,0,0,Normal
3,0.0,0.0,3,1.0,15.6,0,0,0,Normal
3,0.0,0.0,3,1.0,15.0,0,0,0,Normal
3,0.0,0.0,3,1.0,13.0,0,0,0,Normal
3,0.0,0.0,3,1.0,15.2,0,0,0,Normal
3,0.0,0.0,3,1.0,12.8,0,0,0,Normal
3,0.0,0.0,3,1.0,13.9,0,0,0,Normal
3,0.0,0.0,3,1.0,15.0,0,0,0,Normal
3,0.0,0.0,3,1.0,14.1,0,0,0,Normal
3,0.0,0.0,3,1.0,15.4,0,0,0,Normal
3,0.0,0.0,3,1.0,15.2,0,0,0,Normal
3,0.0,0.0,3,1.0,13.9,0,0,0,Normal
3,0.0,0.0,3,1.0,18.7,0,0,0,Normal
3,0.0,0.0,3,1.0,17.3,0,0,0,Normal
3,0.0,0.0,3,1.0,13.9,0,0,0,Normal
3,0.0,0.0,3,1.0,14.1,0,0,0,Normal
3,0.0,0.0,3,1.0,11.8,0,0,0,Normal
3,0.0,0.0,3,1.0,16.5,0,0,0,Normal
3,0.0,0.0,3,1.0,15.2,0,0,0,Normal
3,0.0,0.0,3,1.0,14.5,0,0,0,Normal
3,0.0,0.0,3,1.0,17.3,0,0,0,Normal
3,0.0,0.0,3,1.0,13.9,0,0,0,Normal
3,0.0,0.0,3,1.0,19.8,0,0,0,Normal
3,0.0,0.0,3,1.0,15.8,0,0,0,Normal
3,0.0,0.0,3,1.0,12.7,0,0,0,Normal
3,0.0,0.0,3,1.0,18.7,0,0,0,Normal
3,0.0,0.0,3,1.0,16.2,0,0,0,Normal
3,0.0,0.0,3,1.0,15.4,0,0,0,Normal
3,0.0,0.0,3,1.0,23.7,0,0,0,Normal
3,0.0,0.0,3,1.0,26.9,0,0,0,Normal
3,0.0,0.0,3,1.0,24.0,0,0,0,Normal
3,0.0,0.0,3,1.0,27.6,0,0,0,Normal
3,0.0,0.0,3,1.0,25.6,0,0,0,Normal
3,0.0,0.0,3,1.0,24.0,0,0,0,Normal
3,0.0,0.0,3,1.0,23.7,0,0,0,Normal
3,0.0,0.0,3,1.0,22.7,0,0,0,Normal
3,0.0,0.0,3,1.0,34.2,0,0,0,Normal
3,0.0,0.0,3,1.0,25.3,0,0,0,Normal
3,0.0,0.0,3,1.0,23.3,0,0,0,Normal
3,0.0,0.0,3,1.0,26.3,0,0,0,Normal
3,0.0,0.0,3,1.0,21.1,0,0,0,Normal
3,0.0,0.0,3,1.0,30.4,0,0,0,Normal
3,0.0,0.0,3,1.0,35.9,0,0,0,Normal
3,0.0,0.0,3,1.0,63.0,0,0,0,Normal
3,0.0,0.0,3,1.0,28.0,0,0,0,Normal
3,0.0,0.0,3,1.0,26.9,0,0,0,Normal
3,0.0,0.0,3,1.0,47.5,0,0,0,Normal
3,0.0,0.0,3,1.0,28.6,0,0,0,Normal
3,0.5,49.0,3,1.0,26.9,0,0,0,Normal
3,0.5,49.0,3,1.0,32.9,0,0,0,Normal
3,0.5,49.0,3,1.0,37.8,0,0,0,Normal
3,0.5,49.0,3,1.0,23.0,0,0,0,Normal
3,0.5,49.0,3,1.0,28.6,0,0,0,Normal
3,0.5,49.0,3,1.0,23.7,0,0,0,Normal
3,0.5,49.0,3,1.0,27.3,0,0,0,Normal
3,0.5,49.0,3,1.0,34.2,0,0,0,Normal
3,0.5,49.0,3,1.0,26.0,0,0,0,Normal
3,0.5,49.0,3,1.0,23.0,0,0,0,Normal
3,0.5,49.0,3,1.0,24.0,0,0,0,Normal
3,0.5,49.0,3,1.0,20.5,0,0,0,Normal
3,0.5,49.0,3,1.0,23.7,0,0,0,Normal
3,0.5,49.0,3,1.0,27.3,0,0,0,Normal
3,0.5,49.0,3,1.0,26.9,0,0,0,Normal
3,0.5,49.0,3,1.0,22.2,0,0,0,Normal
3,0.5,49.0,3,1.0,24.3,0,0,0,Normal
3,0.5,49.0,3,1.0,21.6,0,0,0,Normal
3,0.5,49.0,3,1.0,22.7,0,0,0,Normal
3,0.5,49.0,3,1.0,21.9,0,0,0,Normal
3,0.5,49.0,3,1.0,25.0,0,0,0,Normal
3,0.5,49.0,3,1.0,27.0,0,0,0,Normal
3,0.5,49.0,3,1.0,30.4,0,0,0,Normal
3,0.5,49.0,3,1.0,23.0,0,0,0,Normal
3,0.5,49.0,3,1.0,23.7,0,0,0,Normal
3,0.5,49.0,3,1.0,30.8,0,0,0,Normal
3,0.5,49.0,3,1.0,26.0,0,0,0,Normal
3,0.5,49.0,3,1.0,21.9,0,0,0,Normal
3,0.5,49.0,3,1.0,31.6,0,0,0,Normal
3,0.5,49.0,3,1.0,55.4,0,0,0,Normal
3,0.5,49.0,3,1.0,20.5,0,0,0,Normal
3,0.5,49.0,3,1.0,28.9,0,0,0,Normal
3,0.5,49.0,3,1.0,29.2,0,0,0,Normal
3,0.5,49.0,3,1.0,22.7,0,0,0,Normal
3,0.5,49.0,3,1.0,27.6,0,0,0,Normal
3,0.0,0.0,3,1.0,14.5,0,0,0,Normal
3,0.0,0.0,3,1.0,11.5,0,0,0,Normal
3,0.0,0.0,3,1.0,15.2,0,0,0,Normal
3,0.0,0.0,3,1.0,11.5,0,0,0,Normal
3,0.0,0.0,3,1.0,13.9,0,0,0,Normal
3,0.0,0.0,3,1.0,15.0,0,0,0,Normal
3,0.5,49.0,3,1.0,13.9,0,0,0,Normal
3,0.5,49.0,3,1.0,13.7,0,0,0,Normal
3,0.5,49.0,3,1.0,22.4,0,0,0,Normal
3,0.5,49.0,3,1.0,29.1,0,0,0,Normal
3,0.5,49.0,3,1.0,23.7,0,0,0,Normal
3,0.5,49.0,3,1.0,24.4,0,0,0,Normal
3,0.5,49.0,3,1.0,22.7,0,0,0,Normal
3,0.5,49.0,3,1.0,23.4,0,0,0,Normal
3,0.5,49.0,3,1.0,26.0,0,0,0,Normal
3,0.5,49.0,3,1.0,26.7,0,0,0,Normal
3,0.5,49.0,3,1.0,59.0,0,0,0,Normal
3,0.5,49.0,3,1.0,24.7,0,0,0,Normal
3,0.5,49.0,3,1.0,38.8,0,0,0,Normal
3,0.5,49.0,3,1.0,37.8,0,0,0,Normal
3,0.5,49.0,3,1.0,38.0,0,0,0,Normal
3,0.5,49.0,3,1.0,22.4,0,0,0,Normal
3,0.5,49.0,3,1.0,22.7,0,0,0,Normal
3,0.5,49.0,3,1.0,25.6,0,0,0,Normal
3,0.0,0.0,3,0.3333333333333333,1.2,0,0,0,Normal
3,0.0,0.0,3,0.3333333333333333,6.2,0,0,0,Normal
3,0.0,0.0,3,0.3333333333333333,6.2,0,0,0,Normal
3,0.0,0.0,3,0.3333333333333333,2.5,0,0,0,Normal
3,0.0,0.0,3,0.3333333333333333,0.0,0,0,0,Normal
3,0.0,0.0,3,0.3333333333333333,1.3,0,0,0,Normal
4,0.0,0.0,4,0.25,12.5,0,0,0,Normal
3,0.0,0.0,3,0.3333333333333333,2.5,0,0,0,Normal
3,0.0,0.0,3,0.3333333333333333,17.5,0,0,0,Normal
3,0.0,0.0,3,0.3333333333333333,2.5,0,0,0,Normal
3,0.0,0.0,3,0.3333333333333333,5.0,0,0,0,Normal
3,0.0,0.0,3,0.3333333333333333,6.2,0,0,0,Normal
3,0.0,0.0,3,0.0,28.4,0,0,0,Normal
2,0.0,0.0,2,0.0,3.7,0,0,0,Normal
2,0.0,0.0,2,0.0,0.0,0,0,0,Normal
2,0.0,0.0,2,0.0,9.9,0,0,0,Normal
2,0.0,0.0,2,0.0,6.3,0,0,0,Normal
2,0.0,0.0,2,0.0,1.3,0,0,0,Normal
2,0.0,0.0,2,0.0,18.5,0,0,0,Normal
2,0.0,0.0,2,0.0,1.2,0,0,0,Normal
2,0.0,0.0,2,0.0,0.0,0,0,0,Normal
2,0.0,0.0,2,0.0,3.8,0,0,0,Normal
2,0.0,0.0,2,0.0,2.5,0,0,0,Normal
2,0.0,0.0,2,0.0,2.5,0,0,0,Normal
2,0.0,0.0,2,0.0,0.0,0,0,0,Normal
2,0.0,0.0,2,0.0,0.0,0,0,0,Normal
2,0.0,0.0,2,0.0,2.4,0,0,0,Normal
2,0.0,0.0,2,0.0,0.0,0,0,0,Normal
2,0.0,0.0,2,0.0,0.0,0,0,0,Normal
2,0.0,0.0,2,0.0,2.5,0,0,0,Normal
2,0.0,0.0,2,0.0,13.7,0,0,0,Normal
2,0.0,0.0,2,0.0,15.0,0,0,0,Normal
3,0.0,0.0,3,0.3333333333333333,12.7,0,0,0,Normal
3,0.0,0.0,3,0.6666666666666666,19.8,0,0,0,Normal
3,0.0,0.0,3,0.3333333333333333,10.1,0,0,0,Normal
4,0.0,0.0,4,0.25,5.1,0,0,0,Normal
4,0.0,0.0,4,0.0,6.3,0,0,0,Normal
4,0.0,0.0,4,0.25,0.0,0,0,0,Normal
3,0.0,0.0,3,0.3333333333333333,0.0,0,0,0,Normal
3,0.0,0.0,3,0.3333333333333333,3.9,0,0,0,Normal
3,0.0,0.0,3,0.0,30.5,0,0,0,Normal
3,0.0,0.0,3,0.3333333333333333,1.3,0,0,0,Normal
3,0.0,0.0,3,0.3333333333333333,2.4,0,0,0,Normal
3,0.0,0.0,3,0.3333333333333333,3.6,0,0,0,Normal
3,0.0,0.0,3,0.3333333333333333,1.3,0,0,0,Normal
3,0.0,0.0,3,0.3333333333333333,3.8,0,0,0,Normal
3,0.0,0.0,3,0.3333333333333333,1.2,0,0,0,Normal
3,0.0,0.0,3,0.3333333333333333,0.0,0,0,0,Normal
3,0.0,0.0,3,0.3333333333333333,0.0,0,0,0,Normal
3,0.0,0.0,3,0.3333333333333333,3.7,0,0,0,Normal
3,0.0,0.0,3,0.3333333333333333,1.3,0,0,0,Normal
3,0.0,0.0,3,0.3333333333333333,0.0,0,0,0,Normal
3,0.0,0.0,3,0.3333333333333333,0.0,0,0,0,Normal
3,0.0,0.0,3,0.3333333333333333,1.3,0,0,0,Normal
3,0.0,0.0,3,0.3333333333333333,2.5,0,0,0,Normal
3,0.0,0.0,3,0.3333333333333333,0.0,0,0,0,Normal
3,0.0,0.0,3,0.3333333333333333,1.2,0,0,0,Normal
3,0.0,0.0,3,0.3333333333333333,2.6,0,0,0,Normal
3,0.0,0.0,3,0.3333333333333333,1.3,0,0,0,Normal
3,0.0,0.0,3,0.3333333333333333,2.5,0,0,0,Normal
3,0.0,0.0,3,0.3333333333333333,1.3,0,0,0,Normal
2,0.0,0.0,2,0.0,4.9,0,0,0,Normal
2,0.0,0.0,2,0.5,0.0,0,0,0,Normal
2,0.0,0.0,2,0.5,1.3,0,0,0,Normal
2,0.0,0.0,2,0.5,1.3,0,0,0,Normal
2,0.0,0.0,2,0.5,13.0,0,0,0,Normal
2,0.0,0.0,2,0.5,10.1,0,0,0,Normal
3,0.0,0.0,3,0.3333333333333333,16.3,0,0,0,Normal
3,0.0,0.0,3,0.0,23.5,0,0,0,Normal
4,0.0,0.0,4,0.0,10.4,0,0,0,Normal
4,0.0,0.0,4,0.0,10.3,0,0,0,Normal
4,0.0,0.0,4,0.0,10.5,0,0,0,Normal
4,0.0,0.0,4,0.0,11.4,0,0,0,Normal
3,0.0,0.0,3,0.0,10.3,0,0,0,Normal
2,0.0,0.0,2,0.5,0.0,0,0,0,Normal
2,0.0,0.0,2,0.5,3.7,0,0,0,Normal
2,0.0,0.0,2,0.5,3.7,0,0,0,Normal
2,0.0,0.0,2,0.0,1.3,0,0,0,Normal
3,0.0,0.0,3,0.0,2.5,0,0,0,Normal
3,0.0,0.0,3,0.0,19.0,0,0,0,Normal
3,0.0,0.0,3,1.0,12.5,0,0,0,Normal
3,0.0,0.0,3,1.0,20.7,0,0,0,Normal
3,0.0,0.0,3,1.0,14.8,0,0,0,Normal
3,0.0,0.0,3,1.0,14.8,0,0,0,Normal
3,0.0,0.0,3,1.0,8.5,0,0,0,Normal
3,0.0,0.0,3,1.0,0.0,0,0,0,Normal
3,0.0,0.0,3,1.0,19.5,0,0,0,Normal
3,0.0,0.0,3,1.0,1.3,0,0,0,Normal
3,0.0,0.0,3,1.0,1.2,0,0,0,Normal
3,0.0,0.0,3,1.0,11.2,0,0,0,Normal
3,0.0,0.0,3,1.0,3.7,0,0,0,Normal
3,0.0,0.0,3,1.0,1.3,0,0,0,Normal
3,0.0,0.0,3,1.0,1.3,0,0,0,Normal
3,0.0,0.0,3,1.0,0.0,0,0,0,Normal
3,0.0,0.0,3,1.0,6.2,0,0,0,Normal
3,0.0,0.0,3,1.0,7.5,0,0,0,Normal
3,0.0,0.0,3,1.0,0.0,0,0,0,Normal
3,0.5,49.0,3,1.0,0.0,0,0,0,Normal
3,0.5,49.0,3,1.0,0.0,0,0,0,Normal
3,0.0,0.0,3,1.0,2.5,0,0,0,Normal
3,0.0,0.0,3,1.0,0.0,0,0,0,Normal
3,0.0,0.0,3,1.0,1.2,0,0,0,Normal
3,0.0,0.0,3,1.0,2.5,0,0,0,Normal
3,0.0,0.0,3,1.0,0.0,0,0,0,Normal
3,0.0,0.0,3,1.0,0.0,0,0,0,Normal
3,0.0,0.0,3,1.0,2.5,0,0,0,Normal
3,0.0,0.0,3,1.0,1.2,0,0,0,Normal
3,0.0,0.0,3,1.0,1.2,0,0,0,Normal
3,0.0,0.0,3,1.0,22.5,0,0,0,Normal
3,0.0,0.0,3,1.0,2.5,0,0,0,Normal
3,0.0,0.0,3,1.0,1.2,0,0,0,Normal
3,0.0,0.0,3,1.0,1.2,0,0,0,Normal
3,0.0,0.0,3,1.0,3.7,0,0,0,Normal
4,0.0,0.0,4,0.25,2.5,0,0,0,Normal
4,0.0,0.0,4,0.0,1.2,0,0,0,Normal
5,0.0,0.0,5,0.0,3.7,0,0,0,Normal
5,0.0,0.0,5,0.2,2.5,0,0,0,Normal
5,0.0,0.0,5,0.2,0.0,0,0,0,Normal
5,0.0,0.0,5,0.2,2.5,0,0,0,Normal
4,0.0,0.0,4,0.25,3.7,0,0,0,Normal
3,0.0,0.0,3,0.3333333333333333,1.2,0,0,0,Normal
3,0.0,0.0,3,0.0,2.5,0,0,0,Normal
2,0.0,0.0,2,0.0,0.0,0,0,0,Normal
2,0.0,0.0,2,0.0,1.2,0,0,0,Normal
3,0.0,0.0,3,0.3333333333333333,4.9,0,0,0,Normal
3,0.0,0.0,3,0.0,6.2,0,0,0,Normal
3,0.0,0.0,3,0.0,0.0,0,0,0,Normal
3,0.0,0.0,3,0.0,3.8,0,0,0,Normal
3,0.0,0.0,3,0.3333333333333333,10.1,0,0,0,Normal
3,0.0,0.0,3,0.0,5.0,0,0,0,Normal
3,0.0,0.0,3,0.3333333333333333,2.5,0,0,0,Normal
3,0.0,0.0,3,0.3333333333333333,1.2,0,0,0,Normal
2,0.0,0.0,2,0.0,0.0,0,0,0,Normal
2,0.0,0.0,2,0.0,1.2,0,0,0,Normal
2,0.0,0.0,2,0.0,4.8,0,0,0,Normal
2,0.0,0.0,2,0.0,2.5,0,0,0,Normal
4,0.0,0.0,4,0.0,3.7,0,0,0,Normal
4,0.0,0.0,4,0.25,1.2,0,0,0,Normal
3,0.0,0.0,3,0.6666666666666666,8.9,0,0,0,Normal
3,0.0,0.0,3,0.6666666666666666,1.3,0,0,0,Normal
3,0.0,0.0,3,0.6666666666666666,2.5,0,0,0,Normal
3,0.0,0.0,3,0.6666666666666666,1.3,0,0,0,Normal
4,0.0,0.0,4,0.0,2.5,0,0,0,Normal
4,0.0,0.0,4,0.25,3.7,0,0,0,Normal
3,0.0,0.0,3,0.0,13.7,0,0,0,Normal
3,0.0,0.0,3,0.3333333333333333,0.0,0,0,0,Normal
3,0.0,0.0,3,0.6666666666666666,0.0,0,0,0,Normal
3,0.0,0.0,3,0.3333333333333333,2.5,0,0,0,Normal
3,0.0,0.0,3,0.3333333333333333,1.3,0,0,0,Normal
3,0.0,0.0,3,0.3333333333333333,2.5,0,0,0,Normal
2,0.0,0.0,2,0.0,1.3,0,0,0,Normal
2,0.0,0.0,2,0.0,0.0,0,0,0,Normal
3,0.0,0.0,3,0.0,3.7,0,0,0,Normal
3,0.0,0.0,3,0.0,6.3,0,0,0,Normal
3,0.0,0.0,3,0.3333333333333333,1.2,0,0,0,Normal
3,0.0,0.0,3,0.3333333333333333,6.2,0,0,0,Normal
3,0.0,0.0,3,0.3333333333333333,11.5,0,0,0,Normal
3,0.0,0.0,3,0.3333333333333333,5.0,0,0,0,Normal
3,0.0,0.0,3,0.3333333333333333,0.0,0,0,0,Normal
3,0.0,0.0,3,0.3333333333333333,0.0,0,0,0,Normal
4,0.0,0.0,4,0.25,1.2,0,0,0,Normal
4,0.0,0.0,4,0.0,0.0,0,0,0,Normal
4,0.0,0.0,4,0.5,0.0,0,0,0,Normal
4,0.0,0.0,4,0.5,0.0,0,0,0,Normal
4,0.0,0.0,4,0.75,0.0,0,0,0,Normal
4,0.0,0.0,4,0.5,1.2,0,0,0,Normal
4,0.0,0.0,4,0.25,0.0,0,0,0,Normal
3,0.0,0.0,3,0.3333333333333333,1.3,0,0,0,Normal
2,0.0,0.0,2,0.0,3.8,0,0,0,Normal
2,0.0,0.0,2,0.0,3.7,0,0,0,Normal
2,0.0,0.0,2,0.0,2.5,0,0,0,Normal
2,0.0,0.0,2,0.0,1.2,0,0,0,Normal
3,0.0,0.0,3,0.3333333333333333,0.0,0,0,0,Normal
3,0.0,0.0,3,0.3333333333333333,1.3,0,0,0,Normal
5,0.0,0.0,5,0.2,0.0,0,0,0,Normal
5,0.0,0.0,5,0.2,16.7,0,0,0,Normal
5,0.0,0.0,5,0.2,2.5,0,0,0,Normal
5,0.0,0.0,5,0.2,0.0,0,0,0,Normal
4,0.0,0.0,4,0.25,2.5,0,0,0,Normal
5,0.0,0.0,5,0.0,1.3,0,0,0,Normal
4,0.0,0.0,4,0.0,0.0,0,0,0,Normal
4,0.0,0.0,4,0.5,0.0,0,0,0,Normal
4,0.0,0.0,4,0.5,1.2,0,0,0,Normal
4,0.0,0.0,4,0.5,7.5,0,0,0,Normal
4,0.0,0.0,4,0.25,27.8,0,0,0,Normal
3,0.0,0.0,3,0.0,35.1,0,0,0,Normal
3,0.0,0.0,3,0.3333333333333333,28.7,0,0,0,Normal
3,0.0,0.0,3,0.3333333333333333,20.5,0,0,0,Normal
3,0.0,0.0,3,0.3333333333333333,27.1,0,0,0,Normal
3,0.0,0.0,3,0.3333333333333333,24.7,0,0,0,Normal
3,0.0,0.0,3,0.3333333333333333,20.0,0,0,0,Normal
3,0.0,0.0,3,0.3333333333333333,33.3,0,0,0,Normal
3,0.0,0.0,3,0.3333333333333333,25.9,0,0,0,Normal
3,0.0,0.0,3,0.3333333333333333,30.1,0,0,0,Normal
3,0.0,0.0,3,0.3333333333333333,20.0,0,0,0,Normal
3,0.0,0.0,3,0.3333333333333333,29.3,0,0,0,Normal
3,0.0,0.0,3,0.3333333333333333,18.7,0,0,0,Normal
3,0.0,0.0,3,0.3333333333333333,16.0,0,0,0,Normal
2,0.0,0.0,2,0.0,4.9,0,0,0,Normal
4,0.0,0.0,4,0.25,20.5,0,0,0,Normal
4,0.0,0.0,4,0.25,0.0,0,0,0,Normal
4,0.0,0.0,4,0.25,2.5,0,0,0,Normal
5,0.0,0.0,5,0.2,8.6,0,0,0,Normal
5,0.0,0.0,5,0.2,2.6,0,0,0,Normal
5,0.0,0.0,5,0.0,6.2,0,0,0,Normal
4,0.0,0.0,4,0.0,1.3,0,0,0,Normal
4,0.0,0.0,4,0.0,9.9,0,0,0,Normal
4,0.0,0.0,4,0.0,0.0,0,0,0,Normal
4,0.0,0.0,4,0.0,2.5,0,0,0,Normal
4,0.0,0.0,4,0.0,2.5,0,0,0,Normal
3,0.0,0.0,3,0.0,5.0,0,0,0,Normal
3,0.0,0.0,3,0.0,1.2,0,0,0,Normal
3,0.0,0.0,3,0.3333333333333333,2.6,0,0,0,Normal
3,0.0,0.0,3,0.3333333333333333,1.2,0,0,0,Normal
3,0.0,0.0,3,0.3333333333333333,1.3,0,0,0,Normal
4,0.0,0.0,4,0.25,1.3,0,0,0,Normal
5,0.0,0.0,5,0.2,5.0,0,0,0,Normal
5,0.0,0.0,5,0.2,2.5,0,0,0,Normal
5,0.0,0.0,5,0.0,10.1,0,0,0,Normal
4,0.0,0.0,4,0.25,6.3,0,0,0,Normal
3,0.0,0.0,3,0.3333333333333333,2.5,0,0,0,Normal
3,0.0,0.0,3,0.3333333333333333,16.2,0,0,0,Normal
4,0.0,0.0,4,0.25,7.7,0,0,0,Normal
4,0.0,0.0,4,0.0,2.5,0,0,0,Normal
4,0.0,0.0,4,0.0,2.5,0,0,0,Normal
5,0.0,0.0,5,0.0,16.5,0,0,0,Normal
5,0.0,0.0,5,0.0,1.3,0,0,0,Normal
4,0.0,0.0,4,0.25,11.1,0,0,0,Normal
5,0.0,0.0,5,0.0,3.7,0,0,0,Normal
4,0.0,0.0,4,0.25,0.0,0,0,0,Normal
3,0.0,0.0,3,0.3333333333333333,28.8,0,0,0,Normal
3,0.0,0.0,3,0.3333333333333333,1.3,0,0,0,Normal
3,0.0,0.0,3,0.3333333333333333,17.5,0,0,0,Normal
3,0.0,0.0,3,0.3333333333333333,3.8,0,0,0,Normal
3,0.0,0.0,3,0.3333333333333333,43.4,0,0,0,Normal
3,0.0,0.0,3,0.3333333333333333,1.2,0,0,0,Normal
3,0.0,0.0,3,0.3333333333333333,5.1,0,0,0,Normal
5,0.0,0.0,5,0.4,12.3,0,0,0,Normal
5,0.0,0.0,5,0.0,3.7,0,0,0,Normal
5,0.0,0.0,5,0.2,0.0,0,0,0,Normal
4,0.0,0.0,4,0.0,2.5,0,0,0,Normal
4,0.0,0.0,4,0.25,15.6,0,0,0,Normal
4,0.0,0.0,4,0.5,15.2,0,0,0,Normal
4,0.0,0.0,4,0.0,5.0,0,0,0,Normal
4,0.0,0.0,4,0.0,31.6,0,0,0,Normal
4,0.0,0.0,4,0.0,2.5,0,0,0,Normal
4,0.0,0.0,4,0.0,2.5,0,0,0,Normal
4,0.0,0.0,4,0.25,6.2,0,0,0,Normal
2,0.0,0.0,2,0.0,1.3,0,0,0,Normal
2,0.0,0.0,2,0.0,1.3,0,0,0,Normal
2,0.0,0.0,2,0.0,2.3,0,0,0,Normal
2,0.0,0.0,2,0.0,10.6,0,0,0,Normal
3,0.0,0.0,3,0.0,13.5,0,0,0,Normal
3,0.0,0.0,3,0.0,12.1,0,0,0,Normal
2,0.0,0.0,2,0.0,1.2,0,0,0,Normal
2,0.0,0.0,2,0.0,1.2,0,0,0,Normal
2,0.0,0.0,2,0.0,0.0,0,0,0,Normal
3,0.0,0.0,3,0.3333333333333333,1.2,0,0,0,Normal
2,0.0,0.0,2,0.0,1.2,0,0,0,Normal
2,0.0,0.0,2,0.0,1.2,0,0,0,Normal
2,0.0,0.0,2,0.0,1.2,0,0,0,Normal
2,0.0,0.0,2,0.0,0.0,0,0,0,Normal
2,0.0,0.0,2,0.0,1.1,0,0,0,Normal
2,0.0,0.0,2,0.0,0.0,0,0,0,Normal
2,0.0,0.0,2,0.0,1.1,0,0,0,Normal
2,0.0,0.0,2,0.0,1.2,0,0,0,Normal
2,0.0,0.0,2,0.0,0.0,0,0,0,Normal
2,0.0,0.0,2,0.0,1.2,0,0,0,Normal
2,0.0,0.0,2,0.0,0.0,0,0,0,Normal
2,0.0,0.0,2,0.0,0.0,0,0,0,Normal
2,0.0,0.0,2,0.0,1.2,0,0,0,Normal
2,0.0,0.0,2,0.0,0.0,0,0,0,Normal
2,0.0,0.0,2,0.0,0.0,0,0,0,Normal
2,0.0,0.0,2,0.0,0.0,0,0,0,Normal
2,0.0,0.0,2,0.0,1.2,0,0,0,Normal
4,0.0,0.0,4,0.25,0.0,0,0,0,Normal
4,0.0,0.0,4,0.5,0.0,0,0,0,Normal
4,0.0,0.0,4,0.5,0.0,0,0,0,Normal
4,0.0,0.0,4,0.5,1.1,0,0,0,Normal
5,0.0,0.0,5,0.4,2.2,0,0,0,Normal
5,0.0,0.0,5,0.2,1.2,0,0,0,Normal
3,0.0,0.0,3,0.0,0.0,0,0,0,Normal
3,0.0,0.0,3,0.0,1.1,0,0,0,Normal
3,0.0,0.0,3,0.0,0.0,0,0,0,Normal
3,0.0,0.0,3,0.3333333333333333,1.2,0,0,0,Normal
3,0.0,0.0,3,0.3333333333333333,0.0,0,0,0,Normal
3,0.0,0.0,3,0.3333333333333333,0.0,0,0,0,Normal
3,0.0,0.0,3,0.3333333333333333,1.3,0,0,0,Normal
3,0.0,0.0,3,0.3333333333333333,11.0,0,0,0,Normal
3,0.0,0.0,3,0.3333333333333333,1.3,0,0,0,Normal
3,0.0,0.0,3,0.3333333333333333,1.5,0,0,0,Normal
3,0.0,0.0,3,0.3333333333333333,13.9,0,0,0,Normal
3,0.0,0.0,3,0.0,1.2,0,0,0,Normal
3,0.0,0.0,3,0.0,1.2,0,0,0,Normal
3,0.0,0.0,3,0.0,1.3,0,0,0,Normal
3,0.0,0.0,3,0.0,0.0,0,0,0,Normal
3,0.0,0.0,3,0.3333333333333333,36.4,0,0,0,Normal
3,0.0,0.0,3,0.3333333333333333,1.2,0,0,0,Normal
3,0.0,0.0,3,0.3333333333333333,2.5,0,0,0,Normal
3,0.0,0.0,3,0.3333333333333333,0.0,0,0,0,Normal
3,0.0,0.0,3,0.3333333333333333,1.2,0,0,0,Normal
3,0.0,0.0,3,0.3333333333333333,1.3,0,0,0,Normal
3,0.0,0.0,3,0.3333333333333333,1.2,0,0,0,Normal
3,0.0,0.0,3,0.3333333333333333,2.4,0,0,0,Normal
3,0.0,0.0,3,0.3333333333333333,0.0,0,0,0,Normal
3,0.0,0.0,3,0.3333333333333333,1.2,0,0,0,Normal
3,0.0,0.0,3,0.3333333333333333,47.4,0,0,0,Normal
3,0.0,0.0,3,0.0,1.2,0,0,0,Normal
3,0.0,0.0,3,0.0,1.2,0,0,0,Normal
3,0.0,0.0,3,0.0,3.8,0,0,0,Normal
3,0.0,0.0,3,0.3333333333333333,1.2,0,0,0,Normal
3,0.0,0.0,3,0.0,11.3,0,0,0,Normal
3,0.0,0.0,3,0.0,13.7,0,0,0,Normal
4,0.0,0.0,4,0.0,12.7,0,0,0,Normal
4,0.0,0.0,4,0.25,0.0,0,0,0,Normal
4,0.0,0.0,4,0.25,1.3,0,0,0,Normal
3,0.0,0.0,3,0.3333333333333333,11.5,0,0,0,Normal
5,0.0,0.0,5,0.0,6.4,0,0,0,Normal
5,0.0,0.0,5,0.0,6.4,0,0,0,Normal
5,0.0,0.0,5,0.0,1.3,0,0,0,Normal
5,0.0,0.0,5,0.0,3.7,0,0,0,Normal
5,0.0,0.0,5,0.0,4.9,0,0,0,Normal
5,0.0,0.0,5,0.0,5.1,0,0,0,Normal
5,0.0,0.0,5,0.0,0.0,0,0,0,Normal
5,0.0,0.0,5,0.0,2.5,0,0,0,Normal
3,0.0,0.0,3,0.3333333333333333,25.3,0,0,0,Normal
3,0.0,0.0,3,0.3333333333333333,1.2,0,0,0,Normal
3,0.0,0.0,3,0.0,1.2,0,0,0,Normal
3,0.0,0.0,3,0.0,0.0,0,0,0,Normal
4,0.0,0.0,4,0.0,1.2,0,0,0,Normal
5,0.0,0.0,5,0.0,2.5,0,0,0,Normal
4,0.0,0.0,4,0.25,2.5,0,0,0,Normal
3,0.0,0.0,3,0.3333333333333333,0.0,0,0,0,Normal
3,0.0,0.0,3,0.0,0.0,0,0,0,Normal
3,0.0,0.0,3,0.3333333333333333,3.8,0,0,0,Normal
3,0.0,0.0,3,0.3333333333333333,1.2,0,0,0,Normal
3,0.0,0.0,3,0.3333333333333333,13.7,0,0,0,Normal
3,0.0,0.0,3,0.3333333333333333,3.7,0,0,0,Normal
3,0.0,0.0,3,0.3333333333333333,1.3,0,0,0,Normal
3,0.0,0.0,3,0.3333333333333333,1.3,0,0,0,Normal
3,0.0,0.0,3,0.3333333333333333,3.7,0,0,0,Normal
3,0.0,0.0,3,0.3333333333333333,1.2,0,0,0,Normal
3,0.0,0.0,3,0.3333333333333333,0.0,0,0,0,Normal
3,0.0,0.0,3,0.3333333333333333,14.1,0,0,0,Normal
3,0.0,0.0,3,0.3333333333333333,17.3,0,0,0,Normal
3,0.0,0.0,3,0.3333333333333333,30.9,0,0,0,Normal
3,0.0,0.0,3,0.3333333333333333,13.6,0,0,0,Normal
3,0.0,0.0,3,0.3333333333333333,22.8,0,0,0,Normal
3,0.0,0.0,3,0.3333333333333333,2.5,0,0,0,Normal
3,0.0,0.0,3,0.3333333333333333,5.2,0,0,0,Normal
3,0.0,0.0,3,0.3333333333333333,3.8,0,0,0,Normal
3,0.0,0.0,3,0.3333333333333333,0.0,0,0,0,Normal
3,0.0,0.0,3,0.3333333333333333,17.7,0,0,0,Normal
3,0.0,0.0,3,0.3333333333333333,24.4,0,0,0,Normal
3,0.0,0.0,3,0.3333333333333333,0.0,0,0,0,Normal
3,0.0,0.0,3,0.3333333333333333,20.8,0,0,0,Normal
3,0.0,0.0,3,0.3333333333333333,24.7,0,0,0,Normal
3,0.0,0.0,3,0.3333333333333333,3.8,0,0,0,Normal
3,0.0,0.0,3,0.3333333333333333,1.3,0,0,0,Normal
3,0.0,0.0,3,0.3333333333333333,12.2,0,0,0,Normal
3,0.0,0.0,3,0.3333333333333333,11.2,0,0,0,Normal
3,0.0,0.0,3,0.3333333333333333,1.2,0,0,0,Normal
3,0.0,0.0,3,0.3333333333333333,5.1,0,0,0,Normal
3,0.0,0.0,3,0.3333333333333333,0.0,0,0,0,Normal
3,0.0,0.0,3,0.3333333333333333,3.7,0,0,0,Normal
3,0.0,0.0,3,0.3333333333333333,13.0,0,0,0,Normal
3,0.0,0.0,3,0.3333333333333333,11.7,0,0,0,Normal
3,0.0,0.0,3,0.3333333333333333,2.5,0,0,0,Normal
3,0.0,0.0,3,0.3333333333333333,5.3,0,0,0,Normal
3,0.0,0.0,3,0.3333333333333333,6.3,0,0,0,Normal
3,0.0,0.0,3,0.3333333333333333,5.1,0,0,0,Normal
3,0.0,0.0,3,0.3333333333333333,21.8,0,0,0,Normal
3,0.0,0.0,3,0.3333333333333333,0.0,0,0,0,Normal
3,0.0,0.0,3,0.3333333333333333,0.0,0,0,0,Normal
3,0.0,0.0,3,0.3333333333333333,0.0,0,0,0,Normal
3,0.0,0.0,3,0.3333333333333333,0.0,0,0,0,Normal
3,0.0,0.0,3,0.3333333333333333,20.5,0,0,0,Normal
3,0.0,0.0,3,0.3333333333333333,7.5,0,0,0,Normal
3,0.0,0.0,3,0.3333333333333333,3.8,0,0,0,Normal
3,0.0,0.0,3,0.3333333333333333,0.0,0,0,0,Normal
3,0.0,0.0,3,0.3333333333333333,19.2,0,0,0,Normal
3,0.0,0.0,3,0.3333333333333333,10.1,0,0,0,Normal
3,0.0,0.0,3,0.3333333333333333,17.5,0,0,0,Normal
3,0.0,0.0,3,0.3333333333333333,1.2,0,0,0,Normal
3,0.0,0.0,3,0.3333333333333333,1.2,0,0,0,Normal
3,0.0,0.0,3,0.3333333333333333,8.7,0,0,0,Normal
3,0.0,0.0,3,0.3333333333333333,5.0,0,0,0,Normal
3,0.0,0.0,3,0.3333333333333333,3.7,0,0,0,Normal
3,0.0,0.0,3,0.3333333333333333,0.0,0,0,0,Normal
3,0.0,0.0,3,0.3333333333333333,0.0,0,0,0,Normal
3,0.0,0.0,3,0.3333333333333333,19.5,0,0,0,Normal
3,0.0,0.0,3,0.3333333333333333,1.2,0,0,0,Normal
3,0.0,0.0,3,0.3333333333333333,15.3,0,0,0,Normal
3,0.0,0.0,3,0.3333333333333333,1.2,0,0,0,Normal
3,0.0,0.0,3,0.3333333333333333,2.5,0,0,0,Normal
3,0.0,0.0,3,0.3333333333333333,1.2,0,0,0,Normal
3,0.0,0.0,3,0.3333333333333333,0.0,0,0,0,Normal
3,0.0,0.0,3,0.3333333333333333,2.4,0,0,0,Normal
3,0.0,0.0,3,0.3333333333333333,2.4,0,0,0,Normal
3,0.0,0.0,3,0.3333333333333333,6.3,0,0,0,Normal
3,0.0,0.0,3,0.3333333333333333,1.2,0,0,0,Normal
3,0.0,0.0,3,0.3333333333333333,29.5,0,0,0,Normal
3,0.0,0.0,3,0.3333333333333333,34.2,0,0,0,Normal
3,0.0,0.0,3,0.3333333333333333,3.8,0,0,0,Normal
3,0.0,0.0,3,0.3333333333333333,0.0,0,0,0,Normal
3,0.0,0.0,3,0.3333333333333333,0.0,0,0,0,Normal
3,0.0,0.0,3,0.3333333333333333,6.4,0,0,0,Normal
3,0.0,0.0,3,0.3333333333333333,26.6,0,0,0,Normal
3,0.0,0.0,3,0.3333333333333333,0.0,0,0,0,Normal
3,0.0,0.0,3,0.3333333333333333,1.2,0,0,0,Normal
3,0.0,0.0,3,0.3333333333333333,2.5,0,0,0,Normal
3,0.0,0.0,3,0.3333333333333333,1.2,0,0,0,Normal
3,0.0,0.0,3,0.3333333333333333,8.9,0,0,0,Normal
3,0.0,0.0,3,0.3333333333333333,32.1,0,0,0,Normal
3,0.0,0.0,3,0.3333333333333333,51.2,0,0,0,Normal
3,0.0,0.0,3,0.3333333333333333,28.4,0,0,0,Normal
3,0.0,0.0,3,0.3333333333333333,8.7,0,0,0,Normal
3,0.0,0.0,3,0.3333333333333333,13.8,0,0,0,Normal
3,0.0,0.0,3,0.3333333333333333,14.1,0,0,0,Normal
3,0.0,0.0,3,0.3333333333333333,5.0,0,0,0,Normal
3,0.0,0.0,3,0.3333333333333333,7.6,0,0,0,Normal
3,0.0,0.0,3,0.3333333333333333,8.7,0,0,0,Normal
3,0.0,0.0,3,0.3333333333333333,6.2,0,0,0,Normal
3,0.0,0.0,3,0.3333333333333333,16.7,0,0,0,Normal
3,0.0,0.0,3,0.3333333333333333,29.6,0,0,0,Normal
3,0.0,0.0,3,0.3333333333333333,18.7,0,0,0,Normal
3,0.0,0.0,3,0.3333333333333333,29.1,0,0,0,Normal
3,0.0,0.0,3,0.3333333333333333,35.8,0,0,0,Normal
3,0.0,0.0,3,0.3333333333333333,27.8,0,0,0,Normal
3,0.0,0.0,3,0.3333333333333333,5.0,0,0,0,Normal
3,0.0,0.0,3,0.3333333333333333,2.5,0,0,0,Normal
3,0.0,0.0,3,0.3333333333333333,1.2,0,0,0,Normal
3,0.0,0.0,3,0.3333333333333333,0.0,0,0,0,Normal
3,0.0,0.0,3,0.3333333333333333,0.0,0,0,0,Normal
3,0.0,0.0,3,0.3333333333333333,2.5,0,0,0,Normal
3,0.0,0.0,3,0.3333333333333333,9.9,0,0,0,Normal
3,0.0,0.0,3,0.3333333333333333,26.9,0,0,0,Normal
3,0.0,0.0,3,0.3333333333333333,18.8,0,0,0,Normal
3,0.0,0.0,3,0.3333333333333333,6.2,0,0,0,Normal
3,0.0,0.0,3,0.3333333333333333,2.6,0,0,0,Normal
3,0.0,0.0,3,0.3333333333333333,24.4,0,0,0,Normal
3,0.0,0.0,3,0.3333333333333333,2.5,0,0,0,Normal
3,0.0,0.0,3,0.3333333333333333,2.5,0,0,0,Normal
3,0.0,0.0,3,0.3333333333333333,5.0,0,0,0,Normal
3,0.0,0.0,3,0.3333333333333333,5.1,0,0,0,Normal
3,0.0,0.0,3,0.3333333333333333,0.0,0,0,0,Normal
3,0.0,0.0,3,0.3333333333333333,1.3,0,0,0,Normal
3,0.0,0.0,3,0.3333333333333333,10.1,0,0,0,Normal
3,0.0,0.0,3,0.3333333333333333,1.3,0,0,0,Normal
3,0.0,0.0,3,0.3333333333333333,2.5,0,0,0,Normal
3,0.0,0.0,3,0.3333333333333333,0.0,0,0,0,Normal
3,0.0,0.0,3,0.3333333333333333,2.5,0,0,0,Normal
3,0.0,0.0,3,0.3333333333333333,0.0,0,0,0,Normal
3,0.0,0.0,3,0.3333333333333333,1.2,0,0,0,Normal
3,0.0,0.0,3,0.3333333333333333,5.0,0,0,0,Normal
3,0.0,0.0,3,0.3333333333333333,0.0,0,0,0,Normal
3,0.0,0.0,3,0.3333333333333333,0.0,0,0,0,Normal
3,0.0,0.0,3,0.3333333333333333,8.9,0,0,0,Normal
3,0.0,0.0,3,0.3333333333333333,0.0,0,0,0,Normal
3,0.0,0.0,3,0.3333333333333333,0.0,0,0,0,Normal
3,0.0,0.0,3,0.3333333333333333,27.4,0,0,0,Normal
3,0.0,0.0,3,0.3333333333333333,1.2,0,0,0,Normal
3,0.0,0.0,3,0.3333333333333333,3.6,0,0,0,Normal
3,0.0,0.0,3,0.3333333333333333,2.5,0,0,0,Normal
3,0.0,0.0,3,0.3333333333333333,1.2,0,0,0,Normal
3,0.0,0.0,3,0.3333333333333333,2.5,0,0,0,Normal
3,0.0,0.0,3,0.3333333333333333,8.6,0,0,0,Normal
3,0.0,0.0,3,0.3333333333333333,13.4,0,0,0,Normal
3,0.0,0.0,3,0.3333333333333333,32.9,0,0,0,Normal
3,0.0,0.0,3,0.3333333333333333,40.3,0,0,0,Normal
3,0.0,0.0,3,0.3333333333333333,29.6,0,0,0,Normal
3,0.0,0.0,3,0.3333333333333333,31.2,0,0,0,Normal
3,0.0,0.0,3,0.3333333333333333,12.8,0,0,0,Normal
3,0.0,0.0,3,0.3333333333333333,2.5,0,0,0,Normal
3,0.0,0.0,3,0.3333333333333333,11.4,0,0,0,Normal
3,0.0,0.0,3,0.3333333333333333,20.7,0,0,0,Normal
3,0.0,0.0,3,0.3333333333333333,19.8,0,0,0,Normal
3,0.0,0.0,3,0.3333333333333333,15.6,0,0,0,Normal
3,0.0,0.0,3,0.3333333333333333,29.5,0,0,0,Normal
3,0.0,0.0,3,0.3333333333333333,26.6,0,0,0,Normal
3,0.0,0.0,3,0.3333333333333333,20.0,0,0,0,Normal
3,0.0,0.0,3,0.3333333333333333,21.0,0,0,0,Normal
3,0.0,0.0,3,0.3333333333333333,24.7,0,0,0,Normal
3,0.0,0.0,3,0.3333333333333333,26.2,0,0,0,Normal
3,0.0,0.0,3,0.3333333333333333,25.9,0,0,0,Normal
3,0.0,0.0,3,0.3333333333333333,19.2,0,0,0,Normal
3,0.0,0.0,3,0.3333333333333333,17.7,0,0,0,Normal
3,0.0,0.0,3,0.3333333333333333,24.1,0,0,0,Normal
3,0.0,0.0,3,0.3333333333333333,17.3,0,0,0,Normal
3,0.0,0.0,3,0.3333333333333333,48.8,0,0,0,Normal
3,0.0,0.0,3,0.3333333333333333,2.5,0,0,0,Normal
3,0.0,0.0,3,0.3333333333333333,7.5,0,0,0,Normal
3,0.0,0.0,3,0.3333333333333333,0.0,0,0,0,Normal
3,0.0,0.0,3,0.3333333333333333,29.1,0,0,0,Normal
3,0.0,0.0,3,0.3333333333333333,26.8,0,0,0,Normal
3,0.0,0.0,3,0.3333333333333333,25.3,0,0,0,Normal
3,0.0,0.0,3,0.3333333333333333,19.7,0,0,0,Normal
3,0.0,0.0,3,0.3333333333333333,9.0,0,0,0,Normal
3,0.0,0.0,3,0.3333333333333333,22.5,0,0,0,Normal
3,0.0,0.0,3,0.3333333333333333,9.0,0,0,0,Normal
3,0.0,0.0,3,0.3333333333333333,7.8,0,0,0,Normal
3,0.0,0.0,3,0.3333333333333333,8.7,0,0,0,Normal
3,0.0,0.0,3,0.3333333333333333,10.1,0,0,0,Normal
3,0.0,0.0,3,0.3333333333333333,16.7,0,0,0,Normal
3,0.0,0.0,3,0.3333333333333333,9.9,0,0,0,Normal
3,0.0,0.0,3,0.3333333333333333,13.4,0,0,0,Normal
3,0.0,0.0,3,0.3333333333333333,6.3,0,0,0,Normal
3,0.0,0.0,3,0.3333333333333333,10.0,0,0,0,Normal
3,0.0,0.0,3,0.3333333333333333,8.7,0,0,0,Normal
3,0.0,0.0,3,0.3333333333333333,11.5,0,0,0,Normal
3,0.0,0.0,3,0.3333333333333333,5.2,0,0,0,Normal
3,0.0,0.0,3,0.3333333333333333,6.3,0,0,0,Normal
3,0.0,0.0,3,0.3333333333333333,8.8,0,0,0,Normal
3,0.0,0.0,3,0.3333333333333333,10.0,0,0,0,Normal
3,0.0,0.0,3,0.3333333333333333,18.3,0,0,0,Normal
3,0.0,0.0,3,0.3333333333333333,11.2,0,0,0,Normal
3,0.0,0.0,3,0.3333333333333333,7.7,0,0,0,Normal
3,0.0,0.0,3,0.3333333333333333,11.1,0,0,0,Normal
3,0.0,0.0,3,0.3333333333333333,7.5,0,0,0,Normal
3,0.0,0.0,3,0.3333333333333333,20.5,0,0,0,Normal
3,0.0,0.0,3,0.3333333333333333,10.0,0,0,0,Normal
3,0.0,0.0,3,0.3333333333333333,20.7,0,0,0,Normal
3,0.0,0.0,3,0.3333333333333333,21.1,0,0,0,Normal
3,0.0,0.0,3,0.3333333333333333,7.5,0,0,0,Normal
3,0.0,0.0,3,0.3333333333333333,12.8,0,0,0,Normal
3,0.0,0.0,3,0.3333333333333333,17.9,0,0,0,Normal
3,0.0,0.0,3,0.3333333333333333,11.1,0,0,0,Normal
3,0.0,0.0,3,0.3333333333333333,9.8,0,0,0,Normal
3,0.0,0.0,3,0.3333333333333333,20.5,0,0,0,Normal
3,0.0,0.0,3,0.3333333333333333,24.1,0,0,0,Normal
3,0.0,0.0,3,0.3333333333333333,27.2,0,0,0,Normal
3,0.0,0.0,3,0.3333333333333333,28.4,0,0,0,Normal
3,0.0,0.0,3,0.3333333333333333,9.0,0,0,0,Normal
3,0.0,0.0,3,0.3333333333333333,10.0,0,0,0,Normal
3,0.0,0.0,3,0.3333333333333333,7.6,0,0,0,Normal
3,0.0,0.0,3,0.3333333333333333,9.9,0,0,0,Normal
3,0.0,0.0,3,0.3333333333333333,8.9,0,0,0,Normal
3,0.0,0.0,3,0.3333333333333333,26.6,0,0,0,Normal
3,0.0,0.0,3,0.3333333333333333,5.2,0,0,0,Normal
3,0.0,0.0,3,0.3333333333333333,7.7,0,0,0,Normal
3,0.0,0.0,3,0.3333333333333333,7.6,0,0,0,Normal
3,0.0,0.0,3,0.3333333333333333,27.2,0,0,0,Normal
3,0.0,0.0,3,0.3333333333333333,15.2,0,0,0,Normal
3,0.0,0.0,3,0.3333333333333333,1.2,0,0,0,Normal
3,0.0,0.0,3,0.3333333333333333,16.9,0,0,0,Normal
3,0.0,0.0,3,0.3333333333333333,26.3,0,0,0,Normal
3,0.0,0.0,3,0.3333333333333333,27.6,0,0,0,Normal
3,0.0,0.0,3,0.3333333333333333,28.6,0,0,0,Normal
3,0.0,0.0,3,0.3333333333333333,1.3,0,0,0,Normal
3,0.0,0.0,3,0.3333333333333333,25.6,0,0,0,Normal
3,0.0,0.0,3,0.3333333333333333,22.2,0,0,0,Normal
3,0.0,0.0,3,0.3333333333333333,16.9,0,0,0,Normal
3,0.0,0.0,3,0.3333333333333333,9.9,0,0,0,Normal
3,0.0,0.0,3,0.3333333333333333,17.5,0,0,0,Normal
3,0.0,0.0,3,0.3333333333333333,1.2,0,0,0,Normal
3,0.0,0.0,3,0.3333333333333333,1.3,0,0,0,Normal
3,0.0,0.0,3,0.3333333333333333,1.3,0,0,0,Normal
3,0.0,0.0,3,0.3333333333333333,2.5,0,0,0,Normal
3,0.0,0.0,3,0.3333333333333333,2.5,0,0,0,Normal
3,0.0,0.0,3,0.3333333333333333,11.4,0,0,0,Normal
3,0.0,0.0,3,0.3333333333333333,10.0,0,0,0,Normal
3,0.0,0.0,3,0.3333333333333333,17.7,0,0,0,Normal
3,0.0,0.0,3,0.3333333333333333,12.8,0,0,0,Normal
3,0.0,0.0,3,0.3333333333333333,11.0,0,0,0,Normal
3,0.0,0.0,3,0.3333333333333333,8.9,0,0,0,Normal
3,0.0,0.0,3,0.3333333333333333,7.6,0,0,0,Normal
3,0.0,0.0,3,0.3333333333333333,12.3,0,0,0,Normal
3,0.0,0.0,3,0.3333333333333333,10.1,0,0,0,Normal
3,0.0,0.0,3,0.3333333333333333,6.4,0,0,0,Normal
3,0.0,0.0,3,0.3333333333333333,8.7,0,0,0,Normal
3,0.0,0.0,3,0.3333333333333333,10.0,0,0,0,Normal
3,0.0,0.0,3,0.3333333333333333,15.0,0,0,0,Normal
3,0.0,0.0,3,0.3333333333333333,7.5,0,0,0,Normal
3,0.0,0.0,3,0.3333333333333333,15.2,0,0,0,Normal
3,0.0,0.0,3,0.3333333333333333,75.6,0,0,0,Normal
3,0.0,0.0,3,0.3333333333333333,1.2,0,0,0,Normal
3,0.0,0.0,3,0.3333333333333333,1.2,0,0,0,Normal
3,0.0,0.0,3,0.3333333333333333,3.7,0,0,0,Normal
3,0.0,0.0,3,0.3333333333333333,5.0,0,0,0,Normal
3,0.0,0.0,3,0.3333333333333333,10.0,0,0,0,Normal
3,0.0,0.0,3,0.3333333333333333,0.0,0,0,0,Normal
3,0.0,0.0,3,0.3333333333333333,2.6,0,0,0,Normal
3,0.0,0.0,3,0.3333333333333333,0.0,0,0,0,Normal
3,0.0,0.0,3,0.3333333333333333,20.3,0,0,0,Normal
3,0.0,0.0,3,0.3333333333333333,2.5,0,0,0,Normal
3,0.0,0.0,3,0.3333333333333333,3.9,0,0,0,Normal
3,0.0,0.0,3,0.3333333333333333,1.2,0,0,0,Normal
3,0.0,0.0,3,0.3333333333333333,1.2,0,0,0,Normal
3,0.0,0.0,3,0.3333333333333333,3.7,0,0,0,Normal
3,0.0,0.0,3,0.3333333333333333,0.0,0,0,0,Normal
3,0.0,0.0,3,0.3333333333333333,1.3,0,0,0,Normal
3,0.0,0.0,3,0.3333333333333333,12.8,0,0,0,Normal
3,0.0,0.0,3,0.3333333333333333,2.5,0,0,0,Normal
3,0.0,0.0,3,0.3333333333333333,50.0,0,0,0,Normal
3,0.0,0.0,3,0.3333333333333333,47.4,0,0,0,Normal
3,0.0,0.0,3,0.3333333333333333,33.8,0,0,0,Normal
3,0.0,0.0,3,0.3333333333333333,19.2,0,0,0,Normal
3,0.0,0.0,3,0.3333333333333333,27.8,0,0,0,Normal
3,0.0,0.0,3,0.3333333333333333,27.5,0,0,0,Normal
3,0.0,0.0,3,0.3333333333333333,31.7,0,0,0,Normal
3,0.0,0.0,3,0.3333333333333333,12.5,0,0,0,Normal
3,0.0,0.0,3,0.3333333333333333,10.0,0,0,0,Normal
3,0.0,0.0,3,0.3333333333333333,8.9,0,0,0,Normal
3,0.0,0.0,3,0.3333333333333333,9.9,0,0,0,Normal
3,0.0,0.0,3,0.3333333333333333,7.6,0,0,0,Normal
3,0.0,0.0,3,0.3333333333333333,8.9,0,0,0,Normal
3,0.0,0.0,3,0.3333333333333333,12.8,0,0,0,Normal
3,0.0,0.0,3,0.3333333333333333,30.3,0,0,0,Normal
3,0.0,0.0,3,0.3333333333333333,21.8,0,0,0,Normal
3,0.0,0.0,3,0.3333333333333333,11.2,0,0,0,Normal
3,0.0,0.0,3,0.3333333333333333,8.9,0,0,0,Normal
3,0.0,0.0,3,0.3333333333333333,17.9,0,0,0,Normal
3,0.0,0.0,3,0.3333333333333333,7.6,0,0,0,Normal
3,0.0,0.0,3,0.3333333333333333,7.6,0,0,0,Normal
3,0.0,0.0,3,0.3333333333333333,8.9,0,0,0,Normal
3,0.0,0.0,3,0.3333333333333333,10.0,0,0,0,Normal
3,0.0,0.0,3,0.3333333333333333,7.6,0,0,0,Normal
3,0.0,0.0,3,0.3333333333333333,7.7,0,0,0,Normal
3,0.0,0.0,3,0.3333333333333333,11.2,0,0,0,Normal
3,0.0,0.0,3,0.3333333333333333,14.5,0,0,0,Normal
3,0.0,0.0,3,0.3333333333333333,11.0,0,0,0,Normal
3,0.0,0.0,3,0.3333333333333333,12.5,0,0,0,Normal
3,0.0,0.0,3,0.3333333333333333,9.0,0,0,0,Normal
3,0.0,0.0,3,0.3333333333333333,12.2,0,0,0,Normal
3,0.0,0.0,3,0.3333333333333333,9.0,0,0,0,Normal
3,0.0,0.0,3,0.3333333333333333,1.2,0,0,0,Normal
3,0.0,0.0,3,0.3333333333333333,5.0,0,0,0,Normal
3,0.0,0.0,3,0.3333333333333333,2.5,0,0,0,Normal
3,0.0,0.0,3,0.3333333333333333,15.2,0,0,0,Normal
3,0.0,0.0,3,0.3333333333333333,29.1,0,0,0,Normal
3,0.0,0.0,3,0.3333333333333333,25.9,0,0,0,Normal
3,0.0,0.0,3,0.3333333333333333,27.8,0,0,0,Normal
3,0.0,0.0,3,0.3333333333333333,29.6,0,0,0,Normal
3,0.0,0.0,3,0.3333333333333333,10.1,0,0,0,Normal
3,0.0,0.0,3,0.3333333333333333,13.6,0,0,0,Normal
3,0.0,0.0,3,0.3333333333333333,11.1,0,0,0,Normal
3,0.0,0.0,3,0.3333333333333333,8.9,0,0,0,Normal
3,0.0,0.0,3,0.3333333333333333,13.9,0,0,0,Normal
3,0.0,0.0,3,0.3333333333333333,9.9,0,0,0,Normal
3,0.0,0.0,3,0.3333333333333333,6.4,0,0,0,Normal
3,0.0,0.0,3,0.3333333333333333,13.7,0,0,0,Normal
3,0.0,0.0,3,0.3333333333333333,10.1,0,0,0,Normal
3,0.0,0.0,3,0.3333333333333333,22.0,0,0,0,Normal
3,0.0,0.0,3,0.3333333333333333,8.8,0,0,0,Normal
3,0.0,0.0,3,0.3333333333333333,6.5,0,0,0,Normal
3,0.0,0.0,3,0.3333333333333333,15.6,0,0,0,Normal
3,0.0,0.0,3,0.3333333333333333,21.5,0,0,0,Normal
3,0.0,0.0,3,0.3333333333333333,8.9,0,0,0,Normal
3,0.0,0.0,3,0.3333333333333333,7.5,0,0,0,Normal
3,0.0,0.0,3,0.3333333333333333,14.1,0,0,0,Normal
3,0.0,0.0,3,0.3333333333333333,1.2,0,0,0,Normal
3,0.0,0.0,3,0.3333333333333333,0.0,0,0,0,Normal
3,0.0,0.0,3,0.3333333333333333,1.3,0,0,0,Normal
3,0.0,0.0,3,0.3333333333333333,12.2,0,0,0,Normal
3,0.0,0.0,3,0.3333333333333333,11.4,0,0,0,Normal
3,0.0,0.0,3,0.3333333333333333,3.7,0,0,0,Normal
3,0.0,0.0,3,0.3333333333333333,9.1,0,0,0,Normal
3,0.0,0.0,3,0.3333333333333333,5.1,0,0,0,Normal
3,0.0,0.0,3,0.3333333333333333,3.7,0,0,0,Normal
3,0.0,0.0,3,0.3333333333333333,38.8,0,0,0,Normal
3,0.0,0.0,3,0.3333333333333333,24.1,0,0,0,Normal
3,0.0,0.0,3,0.3333333333333333,2.5,0,0,0,Normal
3,0.0,0.0,3,0.3333333333333333,16.2,0,0,0,Normal
3,0.0,0.0,3,0.3333333333333333,18.2,0,0,0,Normal
3,0.0,0.0,3,0.3333333333333333,10.1,0,0,0,Normal
3,0.0,0.0,3,0.3333333333333333,6.4,0,0,0,Normal
3,0.0,0.0,3,0.3333333333333333,16.5,0,0,0,Normal
3,0.0,0.0,3,0.3333333333333333,16.7,0,0,0,Normal
3,0.0,0.0,3,0.3333333333333333,22.9,0,0,0,Normal
3,0.0,0.0,3,0.3333333333333333,56.8,0,0,0,Normal
3,0.0,0.0,3,0.3333333333333333,0.0,0,0,0,Normal
3,0.0,0.0,3,0.3333333333333333,3.7,0,0,0,Normal
3,0.0,0.0,3,0.3333333333333333,2.5,0,0,0,Normal
3,0.0,0.0,3,0.3333333333333333,1.3,0,0,0,Normal
3,0.0,0.0,3,0.3333333333333333,13.7,0,0,0,Normal
3,0.0,0.0,3,0.3333333333333333,4.9,0,0,0,Normal
3,0.0,0.0,3,0.3333333333333333,0.0,0,0,0,Normal
3,0.0,0.0,3,0.3333333333333333,5.1,0,0,0,Normal
3,0.0,0.0,3,0.3333333333333333,4.9,0,0,0,Normal
3,0.0,0.0,3,0.3333333333333333,2.5,0,0,0,Normal
3,0.0,0.0,3,0.3333333333333333,1.2,0,0,0,Normal
3,0.0,0.0,3,0.3333333333333333,6.2,0,0,0,Normal
3,0.0,0.0,3,0.3333333333333333,7.7,0,0,0,Normal
3,0.0,0.0,3,0.3333333333333333,5.2,0,0,0,Normal
3,0.0,0.0,3,0.3333333333333333,32.1,0,0,0,Normal
3,0.0,0.0,3,0.3333333333333333,12.3,0,0,0,Normal
3,0.0,0.0,3,0.3333333333333333,3.7,0,0,0,Normal
3,0.0,0.0,3,0.3333333333333333,15.4,0,0,0,Normal
3,0.0,0.0,3,0.3333333333333333,17.5,0,0,0,Normal
3,0.0,0.0,3,0.3333333333333333,0.0,0,0,0,Normal
3,0.0,0.0,3,0.3333333333333333,48.1,0,0,0,Normal
3,0.0,0.0,3,0.3333333333333333,19.0,0,0,0,Normal
3,0.0,0.0,3,0.3333333333333333,38.3,0,0,0,Normal
3,0.0,0.0,3,0.3333333333333333,17.9,0,0,0,Normal
3,0.0,0.0,3,0.3333333333333333,21.3,0,0,0,Normal
3,0.0,0.0,3,0.3333333333333333,23.7,0,0,0,Normal
3,0.0,0.0,3,0.3333333333333333,43.4,0,0,0,Normal
3,0.0,0.0,3,0.3333333333333333,14.1,0,0,0,Normal
3,0.0,0.0,3,0.3333333333333333,15.2,0,0,0,Normal
3,0.0,0.0,3,0.3333333333333333,17.9,0,0,0,Normal
3,0.0,0.0,3,0.3333333333333333,11.7,0,0,0,Normal
3,0.0,0.0,3,0.3333333333333333,5.1,0,0,0,Normal
3,0.0,0.0,3,0.3333333333333333,17.5,0,0,0,Normal
3,0.0,0.0,3,0.3333333333333333,3.8,0,0,0,Normal
3,0.0,0.0,3,0.3333333333333333,19.5,0,0,0,Normal
3,0.0,0.0,3,0.3333333333333333,31.6,0,0,0,Normal
3,0.0,0.0,3,0.3333333333333333,49.4,0,0,0,Normal
3,0.0,0.0,3,0.3333333333333333,64.1,0,0,0,Normal
3,0.0,0.0,3,0.3333333333333333,56.8,0,0,0,Normal
3,0.0,0.0,3,0.3333333333333333,48.1,0,0,0,Normal
3,0.0,0.0,3,0.3333333333333333,35.9,0,0,0,Normal
3,0.0,0.0,3,0.3333333333333333,32.5,0,0,0,Normal
3,0.0,0.0,3,0.3333333333333333,25.9,0,0,0,Normal
3,0.0,0.0,3,0.3333333333333333,37.8,0,0,0,Normal
3,0.0,0.0,3,0.3333333333333333,27.8,0,0,0,Normal
3,0.0,0.0,3,0.3333333333333333,25.0,0,0,0,Normal
3,0.0,0.0,3,0.3333333333333333,22.8,0,0,0,Normal
3,0.0,0.0,3,0.3333333333333333,52.4,0,0,0,Normal
3,0.0,0.0,3,0.3333333333333333,56.6,0,0,0,Normal
3,0.0,0.0,3,0.3333333333333333,26.9,0,0,0,Normal
3,0.0,0.0,3,0.3333333333333333,39.2,0,0,0,Normal
3,0.0,0.0,3,0.3333333333333333,26.6,0,0,0,Normal
3,0.0,0.0,3,0.3333333333333333,5.0,0,0,0,Normal
3,0.0,0.0,3,0.3333333333333333,1.3,0,0,0,Normal
3,0.0,0.0,3,0.3333333333333333,4.9,0,0,0,Normal
3,0.0,0.0,3,0.3333333333333333,5.0,0,0,0,Normal
3,0.0,0.0,3,0.3333333333333333,31.2,0,0,0,Normal
3,0.0,0.0,3,0.3333333333333333,5.2,0,0,0,Normal
3,0.0,0.0,3,0.3333333333333333,45.7,0,0,0,Normal
3,0.0,0.0,3,0.3333333333333333,16.0,0,0,0,Normal
3,0.0,0.0,3,0.3333333333333333,10.0,0,0,0,Normal
3,0.0,0.0,3,0.3333333333333333,23.5,0,0,0,Normal
3,0.0,0.0,3,0.3333333333333333,32.1,0,0,0,Normal
3,0.0,0.0,3,0.3333333333333333,2.6,0,0,0,Normal
3,0.0,0.0,3,0.3333333333333333,2.6,0,0,0,Normal
3,0.0,0.0,3,0.3333333333333333,7.3,0,0,0,Normal
3,0.0,0.0,3,0.3333333333333333,3.8,0,0,0,Normal
3,0.0,0.0,3,0.3333333333333333,30.1,0,0,0,Normal
3,0.0,0.0,3,0.3333333333333333,13.7,0,0,0,Normal
3,0.0,0.0,3,0.3333333333333333,11.7,0,0,0,Normal
3,0.0,0.0,3,0.3333333333333333,2.5,0,0,0,Normal
3,0.0,0.0,3,0.3333333333333333,22.8,0,0,0,Normal
3,0.0,0.0,3,0.3333333333333333,30.8,0,0,0,Normal
3,0.0,0.0,3,0.3333333333333333,20.5,0,0,0,Normal
3,0.0,0.0,3,0.3333333333333333,10.1,0,0,0,Normal
3,0.0,0.0,3,0.3333333333333333,2.5,0,0,0,Normal
3,0.0,0.0,3,0.3333333333333333,1.3,0,0,0,Normal
3,0.0,0.0,3,0.3333333333333333,29.1,0,0,0,Normal
3,0.0,0.0,3,0.3333333333333333,4.9,0,0,0,Normal
3,0.0,0.0,3,0.3333333333333333,0.0,0,0,0,Normal
3,0.0,0.0,3,0.3333333333333333,1.2,0,0,0,Normal
3,0.0,0.0,3,0.3333333333333333,4.8,0,0,0,Normal
3,0.0,0.0,3,0.3333333333333333,2.5,0,0,0,Normal
3,0.0,0.0,3,0.3333333333333333,2.5,0,0,0,Normal
3,0.0,0.0,3,0.3333333333333333,2.5,0,0,0,Normal
3,0.0,0.0,3,0.3333333333333333,1.2,0,0,0,Normal
3,0.0,0.0,3,0.3333333333333333,3.7,0,0,0,Normal
3,0.0,0.0,3,0.3333333333333333,2.5,0,0,0,Normal
3,0.0,0.0,3,0.3333333333333333,77.8,0,0,0,Normal
3,0.0,0.0,3,0.3333333333333333,8.6,0,0,0,Normal
3,0.0,0.0,3,0.3333333333333333,2.5,0,0,0,Normal
3,0.0,0.0,3,0.3333333333333333,1.3,0,0,0,Normal
3,0.0,0.0,3,0.3333333333333333,7.7,0,0,0,Normal
3,0.0,0.0,3,0.3333333333333333,5.1,0,0,0,Normal
3,0.0,0.0,3,0.3333333333333333,2.5,0,0,0,Normal
3,0.0,0.0,3,0.3333333333333333,29.1,0,0,0,Normal
3,0.0,0.0,3,0.3333333333333333,1.3,0,0,0,Normal
3,0.0,0.0,3,0.3333333333333333,0.0,0,0,0,Normal
3,0.0,0.0,3,0.3333333333333333,1.2,0,0,0,Normal
3,0.0,0.0,3,0.3333333333333333,42.3,0,0,0,Normal
3,0.0,0.0,3,0.3333333333333333,3.8,0,0,0,Normal
3,0.0,0.0,3,0.3333333333333333,0.0,0,0,0,Normal